"","url","EPSG","horizontal","vertical"
"1","https://noaa-nos-coastal-lidar-pds.s3.amazonaws.com/entwine/geoid18/1/ept.json","EPSG:6347+5703","6347","5703"
"2","https://noaa-nos-coastal-lidar-pds.s3.amazonaws.com/entwine/geoid18/2/ept.json","EPSG:6347+5703","6347","5703"
"3","https://noaa-nos-coastal-lidar-pds.s3.amazonaws.com/entwine/geoid18/3/ept.json","EPSG:6339+5703","6339","5703"
"4","https://noaa-nos-coastal-lidar-pds.s3.amazonaws.com/entwine/geoid18/4/ept.json","EPSG:6339+5703","6339","5703"
"5","https://noaa-nos-coastal-lidar-pds.s3.amazonaws.com/entwine/geoid18/5/ept.json","EPSG:6347+5703","6347","5703"
"6","https://noaa-nos-coastal-lidar-pds.s3.amazonaws.com/entwine/geoid18/7/ept.json","EPSG:6347+5703","6347","5703"
"7","https://noaa-nos-coastal-lidar-pds.s3.amazonaws.com/entwine/geoid18/8/ept.json","EPSG:6347+5703","6347","5703"
"8","https://noaa-nos-coastal-lidar-pds.s3.amazonaws.com/entwine/geoid18/9/ept.json","EPSG:6344+5703","6344","5703"
"9","https://noaa-nos-coastal-lidar-pds.s3.amazonaws.com/entwine/geoid18/10/ept.json","EPSG:6346+5703","6346","5703"
"10","https://noaa-nos-coastal-lidar-pds.s3.amazonaws.com/entwine/geoid18/11/ept.json","EPSG:6347+5703","6347","5703"
"11","https://noaa-nos-coastal-lidar-pds.s3.amazonaws.com/entwine/geoid18/12/ept.json","EPSG:3740+5703","3740","5703"
"12","https://noaa-nos-coastal-lidar-pds.s3.amazonaws.com/entwine/geoid18/13/ept.json","EPSG:3745+5703","3745","5703"
"13","https://noaa-nos-coastal-lidar-pds.s3.amazonaws.com/entwine/geoid18/14/ept.json","EPSG:3740+5703","3740","5703"
"14","https://noaa-nos-coastal-lidar-pds.s3.amazonaws.com/entwine/geoid18/15/ept.json","EPSG:3748+5703","3748","5703"
"15","https://noaa-nos-coastal-lidar-pds.s3.amazonaws.com/entwine/geoid18/16/ept.json","EPSG:3748+5703","3748","5703"
"16","https://noaa-nos-coastal-lidar-pds.s3.amazonaws.com/entwine/geoid18/17/ept.json","EPSG:3749+5703","3749","5703"
"17","https://noaa-nos-coastal-lidar-pds.s3.amazonaws.com/entwine/geoid18/18/ept.json","EPSG:3747+5703","3747","5703"
"18","https://noaa-nos-coastal-lidar-pds.s3.amazonaws.com/entwine/geoid18/19/ept.json","EPSG:3857+5703","3857","5703"
"19","https://noaa-nos-coastal-lidar-pds.s3.amazonaws.com/entwine/geoid18/20/ept.json","EPSG:3748+5703","3748","5703"
"20","https://noaa-nos-coastal-lidar-pds.s3.amazonaws.com/entwine/geoid18/22/ept.json","EPSG:6345+5703","6345","5703"
"21","https://noaa-nos-coastal-lidar-pds.s3.amazonaws.com/entwine/geoid12b/24/ept.json","EPSG:3750+5703","3750","5703"
"22","https://noaa-nos-coastal-lidar-pds.s3.amazonaws.com/entwine/geoid12b/25/ept.json","EPSG:3750+5703","3750","5703"
"23","https://noaa-nos-coastal-lidar-pds.s3.amazonaws.com/entwine/geoid18/26/ept.json","EPSG:3723+5703","3723","5703"
"24","https://noaa-nos-coastal-lidar-pds.s3.amazonaws.com/entwine/geoid18/27/ept.json","EPSG:3748+5703","3748","5703"
"25","https://noaa-nos-coastal-lidar-pds.s3.amazonaws.com/entwine/geoid18/28/ept.json","EPSG:3746+5703","3746","5703"
"26","https://noaa-nos-coastal-lidar-pds.s3.amazonaws.com/entwine/geoid18/29/ept.json","EPSG:3746+5703","3746","5703"
"27","https://noaa-nos-coastal-lidar-pds.s3.amazonaws.com/entwine/geoid18/31/ept.json","EPSG:3746+5703","3746","5703"
"28","https://noaa-nos-coastal-lidar-pds.s3.amazonaws.com/entwine/geoid18/32/ept.json","EPSG:3748+5703","3748","5703"
"29","https://noaa-nos-coastal-lidar-pds.s3.amazonaws.com/entwine/geoid18/33/ept.json","EPSG:3748+5703","3748","5703"
"30","https://noaa-nos-coastal-lidar-pds.s3.amazonaws.com/entwine/geoid18/34/ept.json","EPSG:3747+5703","3747","5703"
"31","https://noaa-nos-coastal-lidar-pds.s3.amazonaws.com/entwine/geoid18/35/ept.json","EPSG:3747+5703","3747","5703"
"32","https://noaa-nos-coastal-lidar-pds.s3.amazonaws.com/entwine/geoid18/36/ept.json","EPSG:3746+5703","3746","5703"
"33","https://noaa-nos-coastal-lidar-pds.s3.amazonaws.com/entwine/geoid18/37/ept.json","EPSG:3746+5703","3746","5703"
"34","https://noaa-nos-coastal-lidar-pds.s3.amazonaws.com/entwine/geoid18/38/ept.json","EPSG:6347+5703","6347","5703"
"35","https://noaa-nos-coastal-lidar-pds.s3.amazonaws.com/entwine/geoid18/39/ept.json","EPSG:3746+5703","3746","5703"
"36","https://noaa-nos-coastal-lidar-pds.s3.amazonaws.com/entwine/geoid18/40/ept.json","EPSG:3747+5703","3747","5703"
"37","https://noaa-nos-coastal-lidar-pds.s3.amazonaws.com/entwine/geoid18/41/ept.json","EPSG:3746+5703","3746","5703"
"38","https://noaa-nos-coastal-lidar-pds.s3.amazonaws.com/entwine/geoid18/44/ept.json","EPSG:3747+5703","3747","5703"
"39","https://noaa-nos-coastal-lidar-pds.s3.amazonaws.com/entwine/geoid18/45/ept.json","EPSG:3741+5703","3741","5703"
"40","https://noaa-nos-coastal-lidar-pds.s3.amazonaws.com/entwine/geoid18/46/ept.json","EPSG:3741+5703","3741","5703"
"41","https://noaa-nos-coastal-lidar-pds.s3.amazonaws.com/entwine/geoid18/47/ept.json","EPSG:3741+5703","3741","5703"
"42","https://noaa-nos-coastal-lidar-pds.s3.amazonaws.com/entwine/geoid18/48/ept.json","EPSG:3741+5703","3741","5703"
"43","https://noaa-nos-coastal-lidar-pds.s3.amazonaws.com/entwine/geoid18/49/ept.json","EPSG:3741+5703","3741","5703"
"44","https://noaa-nos-coastal-lidar-pds.s3.amazonaws.com/entwine/geoid18/50/ept.json","EPSG:3741+5703","3741","5703"
"45","https://noaa-nos-coastal-lidar-pds.s3.amazonaws.com/entwine/geoid18/51/ept.json","EPSG:3741+5703","3741","5703"
"46","https://noaa-nos-coastal-lidar-pds.s3.amazonaws.com/entwine/geoid18/52/ept.json","EPSG:3741+5703","3741","5703"
"47","https://noaa-nos-coastal-lidar-pds.s3.amazonaws.com/entwine/geoid18/53/ept.json","EPSG:3741+5703","3741","5703"
"48","https://noaa-nos-coastal-lidar-pds.s3.amazonaws.com/entwine/geoid18/54/ept.json","EPSG:3741+5703","3741","5703"
"49","https://noaa-nos-coastal-lidar-pds.s3.amazonaws.com/entwine/geoid18/56/ept.json","EPSG:3724+5703","3724","5703"
"50","https://noaa-nos-coastal-lidar-pds.s3.amazonaws.com/entwine/geoid18/57/ept.json","EPSG:3746+5703","3746","5703"
"51","https://noaa-nos-coastal-lidar-pds.s3.amazonaws.com/entwine/geoid18/58/ept.json","EPSG:6347+5703","6347","5703"
"52","https://noaa-nos-coastal-lidar-pds.s3.amazonaws.com/entwine/geoid18/59/ept.json","EPSG:6339+5703","6339","5703"
"53","https://noaa-nos-coastal-lidar-pds.s3.amazonaws.com/entwine/geoid18/60/ept.json","EPSG:6347+5703","6347","5703"
"54","https://noaa-nos-coastal-lidar-pds.s3.amazonaws.com/entwine/geoid18/61/ept.json","EPSG:6347+5703","6347","5703"
"55","https://noaa-nos-coastal-lidar-pds.s3.amazonaws.com/entwine/geoid18/62/ept.json","EPSG:3747+5703","3747","5703"
"56","https://noaa-nos-coastal-lidar-pds.s3.amazonaws.com/entwine/geoid18/63/ept.json","EPSG:3747+5703","3747","5703"
"57","https://noaa-nos-coastal-lidar-pds.s3.amazonaws.com/entwine/geoid18/64/ept.json","EPSG:3746+5703","3746","5703"
"58","https://noaa-nos-coastal-lidar-pds.s3.amazonaws.com/entwine/geoid18/65/ept.json","EPSG:3747+5703","3747","5703"
"59","https://noaa-nos-coastal-lidar-pds.s3.amazonaws.com/entwine/geoid18/66/ept.json","EPSG:3747+5703","3747","5703"
"60","https://noaa-nos-coastal-lidar-pds.s3.amazonaws.com/entwine/geoid18/67/ept.json","EPSG:3747+5703","3747","5703"
"61","https://noaa-nos-coastal-lidar-pds.s3.amazonaws.com/entwine/geoid18/68/ept.json","EPSG:3747+5703","3747","5703"
"62","https://noaa-nos-coastal-lidar-pds.s3.amazonaws.com/entwine/geoid18/69/ept.json","EPSG:3747+5703","3747","5703"
"63","https://noaa-nos-coastal-lidar-pds.s3.amazonaws.com/entwine/geoid18/71/ept.json","EPSG:3747+5703","3747","5703"
"64","https://noaa-nos-coastal-lidar-pds.s3.amazonaws.com/entwine/geoid18/76/ept.json","EPSG:3747+5703","3747","5703"
"65","https://noaa-nos-coastal-lidar-pds.s3.amazonaws.com/entwine/geoid18/77/ept.json","EPSG:3747+5703","3747","5703"
"66","https://noaa-nos-coastal-lidar-pds.s3.amazonaws.com/entwine/geoid18/78/ept.json","EPSG:3724+5703","3724","5703"
"67","https://noaa-nos-coastal-lidar-pds.s3.amazonaws.com/entwine/geoid18/79/ept.json","EPSG:3724+5703","3724","5703"
"68","https://noaa-nos-coastal-lidar-pds.s3.amazonaws.com/entwine/geoid18/81/ept.json","EPSG:3717+5703","3717","5703"
"69","https://noaa-nos-coastal-lidar-pds.s3.amazonaws.com/entwine/geoid18/83/ept.json","EPSG:3724+5703","3724","5703"
"70","https://noaa-nos-coastal-lidar-pds.s3.amazonaws.com/entwine/geoid18/84/ept.json","EPSG:3723+5703","3723","5703"
"71","https://noaa-nos-coastal-lidar-pds.s3.amazonaws.com/entwine/geoid18/85/ept.json","EPSG:3723+5703","3723","5703"
"72","https://noaa-nos-coastal-lidar-pds.s3.amazonaws.com/entwine/geoid18/87/ept.json","EPSG:3744+5703","3744","5703"
"73","https://noaa-nos-coastal-lidar-pds.s3.amazonaws.com/entwine/geoid18/88/ept.json","EPSG:3744+5703","3744","5703"
"74","https://noaa-nos-coastal-lidar-pds.s3.amazonaws.com/entwine/geoid18/89/ept.json","EPSG:3745+5703","3745","5703"
"75","https://noaa-nos-coastal-lidar-pds.s3.amazonaws.com/entwine/geoid18/90/ept.json","EPSG:3745+5703","3745","5703"
"76","https://noaa-nos-coastal-lidar-pds.s3.amazonaws.com/entwine/geoid18/91/ept.json","EPSG:3745+5703","3745","5703"
"77","https://noaa-nos-coastal-lidar-pds.s3.amazonaws.com/entwine/geoid18/92/ept.json","EPSG:3744+5703","3744","5703"
"78","https://noaa-nos-coastal-lidar-pds.s3.amazonaws.com/entwine/geoid18/94/ept.json","EPSG:3745+5703","3745","5703"
"79","https://noaa-nos-coastal-lidar-pds.s3.amazonaws.com/entwine/geoid18/95/ept.json","EPSG:3745+5703","3745","5703"
"80","https://noaa-nos-coastal-lidar-pds.s3.amazonaws.com/entwine/geoid18/96/ept.json","EPSG:3744+5703","3744","5703"
"81","https://noaa-nos-coastal-lidar-pds.s3.amazonaws.com/entwine/geoid18/97/ept.json","EPSG:3744+5703","3744","5703"
"82","https://noaa-nos-coastal-lidar-pds.s3.amazonaws.com/entwine/geoid18/98/ept.json","EPSG:3744+5703","3744","5703"
"83","https://noaa-nos-coastal-lidar-pds.s3.amazonaws.com/entwine/geoid18/99/ept.json","EPSG:3726+5703","3726","5703"
"84","https://noaa-nos-coastal-lidar-pds.s3.amazonaws.com/entwine/geoid18/100/ept.json","EPSG:3747+5703","3747","5703"
"85","https://noaa-nos-coastal-lidar-pds.s3.amazonaws.com/entwine/geoid18/101/ept.json","EPSG:3747+5703","3747","5703"
"86","https://noaa-nos-coastal-lidar-pds.s3.amazonaws.com/entwine/geoid18/102/ept.json","EPSG:3745+5703","3745","5703"
"87","https://noaa-nos-coastal-lidar-pds.s3.amazonaws.com/entwine/geoid18/103/ept.json","EPSG:3748+5703","3748","5703"
"88","https://noaa-nos-coastal-lidar-pds.s3.amazonaws.com/entwine/geoid18/105/ept.json","EPSG:3717+5703","3717","5703"
"89","https://noaa-nos-coastal-lidar-pds.s3.amazonaws.com/entwine/geoid18/106/ept.json","EPSG:3748+5703","3748","5703"
"90","https://noaa-nos-coastal-lidar-pds.s3.amazonaws.com/entwine/geoid18/107/ept.json","EPSG:3724+5703","3724","5703"
"91","https://noaa-nos-coastal-lidar-pds.s3.amazonaws.com/entwine/geoid12b/108/ept.json","EPSG:3712+5703","3712","5703"
"92","https://noaa-nos-coastal-lidar-pds.s3.amazonaws.com/entwine/geoid18/109/ept.json","EPSG:3725+5703","3725","5703"
"93","https://noaa-nos-coastal-lidar-pds.s3.amazonaws.com/entwine/geoid18/111/ept.json","EPSG:3748+5703","3748","5703"
"94","https://noaa-nos-coastal-lidar-pds.s3.amazonaws.com/entwine/geoid18/112/ept.json","EPSG:3724+5703","3724","5703"
"95","https://noaa-nos-coastal-lidar-pds.s3.amazonaws.com/entwine/geoid18/114/ept.json","EPSG:3722+5703","3722","5703"
"96","https://noaa-nos-coastal-lidar-pds.s3.amazonaws.com/entwine/geoid18/116/ept.json","EPSG:3726+5703","3726","5703"
"97","https://noaa-nos-coastal-lidar-pds.s3.amazonaws.com/entwine/geoid18/117/ept.json","EPSG:3740+5703","3740","5703"
"98","https://noaa-nos-coastal-lidar-pds.s3.amazonaws.com/entwine/geoid18/501/ept.json","EPSG:3724+5703","3724","5703"
"99","https://noaa-nos-coastal-lidar-pds.s3.amazonaws.com/entwine/geoid18/502/ept.json","EPSG:3724+5703","3724","5703"
"100","https://noaa-nos-coastal-lidar-pds.s3.amazonaws.com/entwine/geoid18/503/ept.json","EPSG:3724+5703","3724","5703"
"101","https://noaa-nos-coastal-lidar-pds.s3.amazonaws.com/entwine/geoid18/504/ept.json","EPSG:3724+5703","3724","5703"
"102","https://noaa-nos-coastal-lidar-pds.s3.amazonaws.com/entwine/geoid18/505/ept.json","EPSG:3724+5703","3724","5703"
"103","https://noaa-nos-coastal-lidar-pds.s3.amazonaws.com/entwine/geoid18/506/ept.json","EPSG:3724+5703","3724","5703"
"104","https://noaa-nos-coastal-lidar-pds.s3.amazonaws.com/entwine/geoid18/507/ept.json","EPSG:3724+5703","3724","5703"
"105","https://noaa-nos-coastal-lidar-pds.s3.amazonaws.com/entwine/geoid18/508/ept.json","EPSG:3724+5703","3724","5703"
"106","https://noaa-nos-coastal-lidar-pds.s3.amazonaws.com/entwine/geoid18/509/ept.json","EPSG:3724+5703","3724","5703"
"107","https://noaa-nos-coastal-lidar-pds.s3.amazonaws.com/entwine/geoid18/510/ept.json","EPSG:3724+5703","3724","5703"
"108","https://noaa-nos-coastal-lidar-pds.s3.amazonaws.com/entwine/geoid18/511/ept.json","EPSG:3724+5703","3724","5703"
"109","https://noaa-nos-coastal-lidar-pds.s3.amazonaws.com/entwine/geoid18/512/ept.json","EPSG:3724+5703","3724","5703"
"110","https://noaa-nos-coastal-lidar-pds.s3.amazonaws.com/entwine/geoid18/513/ept.json","EPSG:3724+5703","3724","5703"
"111","https://noaa-nos-coastal-lidar-pds.s3.amazonaws.com/entwine/geoid18/514/ept.json","EPSG:3724+5703","3724","5703"
"112","https://noaa-nos-coastal-lidar-pds.s3.amazonaws.com/entwine/geoid18/515/ept.json","EPSG:3724+5703","3724","5703"
"113","https://noaa-nos-coastal-lidar-pds.s3.amazonaws.com/entwine/geoid18/516/ept.json","EPSG:3747+5703","3747","5703"
"114","https://noaa-nos-coastal-lidar-pds.s3.amazonaws.com/entwine/geoid18/518/ept.json","EPSG:3723+5703","3723","5703"
"115","https://noaa-nos-coastal-lidar-pds.s3.amazonaws.com/entwine/geoid18/519/ept.json","EPSG:3717+5703","3717","5703"
"116","https://noaa-nos-coastal-lidar-pds.s3.amazonaws.com/entwine/geoid18/520/ept.json","EPSG:3724+5703","3724","5703"
"117","https://noaa-nos-coastal-lidar-pds.s3.amazonaws.com/entwine/geoid18/521/ept.json","EPSG:3725+5703","3725","5703"
"118","https://noaa-nos-coastal-lidar-pds.s3.amazonaws.com/entwine/geoid18/522/ept.json","EPSG:3723+5703","3723","5703"
"119","https://noaa-nos-coastal-lidar-pds.s3.amazonaws.com/entwine/geoid18/523/ept.json","EPSG:3724+5703","3724","5703"
"120","https://noaa-nos-coastal-lidar-pds.s3.amazonaws.com/entwine/geoid18/524/ept.json","EPSG:3724+5703","3724","5703"
"121","https://noaa-nos-coastal-lidar-pds.s3.amazonaws.com/entwine/geoid18/525/ept.json","EPSG:3745+5703","3745","5703"
"122","https://noaa-nos-coastal-lidar-pds.s3.amazonaws.com/entwine/geoid18/526/ept.json","EPSG:3747+5703","3747","5703"
"123","https://noaa-nos-coastal-lidar-pds.s3.amazonaws.com/entwine/geoid18/527/ept.json","EPSG:3723+5703","3723","5703"
"124","https://noaa-nos-coastal-lidar-pds.s3.amazonaws.com/entwine/geoid18/528/ept.json","EPSG:3724+5703","3724","5703"
"125","https://noaa-nos-coastal-lidar-pds.s3.amazonaws.com/entwine/geoid18/529/ept.json","EPSG:3724+5703","3724","5703"
"126","https://noaa-nos-coastal-lidar-pds.s3.amazonaws.com/entwine/geoid18/530/ept.json","EPSG:3724+5703","3724","5703"
"127","https://noaa-nos-coastal-lidar-pds.s3.amazonaws.com/entwine/geoid18/531/ept.json","EPSG:3725+5703","3725","5703"
"128","https://noaa-nos-coastal-lidar-pds.s3.amazonaws.com/entwine/geoid18/532/ept.json","EPSG:3724+5703","3724","5703"
"129","https://noaa-nos-coastal-lidar-pds.s3.amazonaws.com/entwine/geoid18/534/ept.json","EPSG:3723+5703","3723","5703"
"130","https://noaa-nos-coastal-lidar-pds.s3.amazonaws.com/entwine/geoid18/535/ept.json","EPSG:3724+5703","3724","5703"
"131","https://noaa-nos-coastal-lidar-pds.s3.amazonaws.com/entwine/geoid18/536/ept.json","EPSG:3723+5703","3723","5703"
"132","https://noaa-nos-coastal-lidar-pds.s3.amazonaws.com/entwine/geoid18/537/ept.json","EPSG:3724+5703","3724","5703"
"133","https://noaa-nos-coastal-lidar-pds.s3.amazonaws.com/entwine/geoid18/538/ept.json","EPSG:3717+5703","3717","5703"
"134","https://noaa-nos-coastal-lidar-pds.s3.amazonaws.com/entwine/geoid18/539/ept.json","EPSG:3724+5703","3724","5703"
"135","https://noaa-nos-coastal-lidar-pds.s3.amazonaws.com/entwine/geoid18/540/ept.json","EPSG:3723+5703","3723","5703"
"136","https://noaa-nos-coastal-lidar-pds.s3.amazonaws.com/entwine/geoid18/541/ept.json","EPSG:3725+5703","3725","5703"
"137","https://noaa-nos-coastal-lidar-pds.s3.amazonaws.com/entwine/geoid18/542/ept.json","EPSG:3725+5703","3725","5703"
"138","https://noaa-nos-coastal-lidar-pds.s3.amazonaws.com/entwine/geoid18/543/ept.json","EPSG:3725+5703","3725","5703"
"139","https://noaa-nos-coastal-lidar-pds.s3.amazonaws.com/entwine/geoid18/544/ept.json","EPSG:3725+5703","3725","5703"
"140","https://noaa-nos-coastal-lidar-pds.s3.amazonaws.com/entwine/geoid18/545/ept.json","EPSG:3725+5703","3725","5703"
"141","https://noaa-nos-coastal-lidar-pds.s3.amazonaws.com/entwine/geoid18/546/ept.json","EPSG:3725+5703","3725","5703"
"142","https://noaa-nos-coastal-lidar-pds.s3.amazonaws.com/entwine/geoid18/547/ept.json","EPSG:3748+5703","3748","5703"
"143","https://noaa-nos-coastal-lidar-pds.s3.amazonaws.com/entwine/geoid18/548/ept.json","EPSG:3744+5703","3744","5703"
"144","https://noaa-nos-coastal-lidar-pds.s3.amazonaws.com/entwine/geoid18/550/ept.json","EPSG:3724+5703","3724","5703"
"145","https://noaa-nos-coastal-lidar-pds.s3.amazonaws.com/entwine/geoid18/552/ept.json","EPSG:3723+5703","3723","5703"
"146","https://noaa-nos-coastal-lidar-pds.s3.amazonaws.com/entwine/geoid18/553/ept.json","EPSG:3748+5703","3748","5703"
"147","https://noaa-nos-coastal-lidar-pds.s3.amazonaws.com/entwine/geoid18/554/ept.json","EPSG:3724+5703","3724","5703"
"148","https://noaa-nos-coastal-lidar-pds.s3.amazonaws.com/entwine/geoid18/555/ept.json","EPSG:3724+5703","3724","5703"
"149","https://noaa-nos-coastal-lidar-pds.s3.amazonaws.com/entwine/geoid18/556/ept.json","EPSG:3722+5703","3722","5703"
"150","https://noaa-nos-coastal-lidar-pds.s3.amazonaws.com/entwine/geoid18/557/ept.json","EPSG:3724+5703","3724","5703"
"151","https://noaa-nos-coastal-lidar-pds.s3.amazonaws.com/entwine/geoid18/558/ept.json","EPSG:3724+5703","3724","5703"
"152","https://noaa-nos-coastal-lidar-pds.s3.amazonaws.com/entwine/geoid18/559/ept.json","EPSG:3726+6642","3726","6642"
"153","https://noaa-nos-coastal-lidar-pds.s3.amazonaws.com/entwine/geoid18/560/ept.json","EPSG:3749+6641","3749","6641"
"154","https://noaa-nos-coastal-lidar-pds.s3.amazonaws.com/entwine/msl/561/ept.json","EPSG:3857+5714","3857","5714"
"155","https://noaa-nos-coastal-lidar-pds.s3.amazonaws.com/entwine/geoid18/562/ept.json","EPSG:3723+5703","3723","5703"
"156","https://noaa-nos-coastal-lidar-pds.s3.amazonaws.com/entwine/geoid18/563/ept.json","EPSG:3723+5703","3723","5703"
"157","https://noaa-nos-coastal-lidar-pds.s3.amazonaws.com/entwine/geoid18/564/ept.json","EPSG:3723+5703","3723","5703"
"158","https://noaa-nos-coastal-lidar-pds.s3.amazonaws.com/entwine/geoid18/565/ept.json","EPSG:3723+5703","3723","5703"
"159","https://noaa-nos-coastal-lidar-pds.s3.amazonaws.com/entwine/geoid18/566/ept.json","EPSG:3749+6642","3749","6642"
"160","https://noaa-nos-coastal-lidar-pds.s3.amazonaws.com/entwine/geoid18/567/ept.json","EPSG:3741+5703","3741","5703"
"161","https://noaa-nos-coastal-lidar-pds.s3.amazonaws.com/entwine/geoid18/568/ept.json","EPSG:3718+5703","3718","5703"
"162","https://noaa-nos-coastal-lidar-pds.s3.amazonaws.com/entwine/geoid18/569/ept.json","EPSG:3718+5703","3718","5703"
"163","https://noaa-nos-coastal-lidar-pds.s3.amazonaws.com/entwine/geoid18/570/ept.json","EPSG:3718+5703","3718","5703"
"164","https://noaa-nos-coastal-lidar-pds.s3.amazonaws.com/entwine/geoid18/571/ept.json","EPSG:3718+5703","3718","5703"
"165","https://noaa-nos-coastal-lidar-pds.s3.amazonaws.com/entwine/geoid18/572/ept.json","EPSG:3718+5703","3718","5703"
"166","https://noaa-nos-coastal-lidar-pds.s3.amazonaws.com/entwine/geoid18/573/ept.json","EPSG:3723+5703","3723","5703"
"167","https://noaa-nos-coastal-lidar-pds.s3.amazonaws.com/entwine/geoid18/574/ept.json","EPSG:3723+5703","3723","5703"
"168","https://noaa-nos-coastal-lidar-pds.s3.amazonaws.com/entwine/geoid18/575/ept.json","EPSG:3717+5703","3717","5703"
"169","https://noaa-nos-coastal-lidar-pds.s3.amazonaws.com/entwine/geoid18/576/ept.json","EPSG:3723+5703","3723","5703"
"170","https://noaa-nos-coastal-lidar-pds.s3.amazonaws.com/entwine/geoid18/577/ept.json","EPSG:3724+5703","3724","5703"
"171","https://noaa-nos-coastal-lidar-pds.s3.amazonaws.com/entwine/geoid18/578/ept.json","EPSG:3745+5703","3745","5703"
"172","https://noaa-nos-coastal-lidar-pds.s3.amazonaws.com/entwine/geoid18/579/ept.json","EPSG:3723+5703","3723","5703"
"173","https://noaa-nos-coastal-lidar-pds.s3.amazonaws.com/entwine/geoid18/581/ept.json","EPSG:3723+5703","3723","5703"
"174","https://noaa-nos-coastal-lidar-pds.s3.amazonaws.com/entwine/geoid18/582/ept.json","EPSG:3723+5703","3723","5703"
"175","https://noaa-nos-coastal-lidar-pds.s3.amazonaws.com/entwine/geoid18/583/ept.json","EPSG:3723+5703","3723","5703"
"176","https://noaa-nos-coastal-lidar-pds.s3.amazonaws.com/entwine/geoid18/584/ept.json","EPSG:3717+5703","3717","5703"
"177","https://noaa-nos-coastal-lidar-pds.s3.amazonaws.com/entwine/geoid18/586/ept.json","EPSG:3723+5703","3723","5703"
"178","https://noaa-nos-coastal-lidar-pds.s3.amazonaws.com/entwine/geoid18/587/ept.json","EPSG:3724+5703","3724","5703"
"179","https://noaa-nos-coastal-lidar-pds.s3.amazonaws.com/entwine/geoid18/588/ept.json","EPSG:3723+5703","3723","5703"
"180","https://noaa-nos-coastal-lidar-pds.s3.amazonaws.com/entwine/geoid18/1061/ept.json","EPSG:3857+5703","3857","5703"
"181","https://noaa-nos-coastal-lidar-pds.s3.amazonaws.com/entwine/geoid18/1063/ept.json","EPSG:3721+5703","3721","5703"
"182","https://noaa-nos-coastal-lidar-pds.s3.amazonaws.com/entwine/geoid18/1064/ept.json",NA,NA,NA
"183","https://noaa-nos-coastal-lidar-pds.s3.amazonaws.com/entwine/geoid18/1065/ept.json","EPSG:3723+5703","3723","5703"
"184","https://noaa-nos-coastal-lidar-pds.s3.amazonaws.com/entwine/geoid18/1066/ept.json","EPSG:3723+5703","3723","5703"
"185","https://noaa-nos-coastal-lidar-pds.s3.amazonaws.com/entwine/geoid18/1070/ept.json","EPSG:3724+5703","3724","5703"
"186","https://noaa-nos-coastal-lidar-pds.s3.amazonaws.com/entwine/geoid18/1071/ept.json","EPSG:3725+5703","3725","5703"
"187","https://noaa-nos-coastal-lidar-pds.s3.amazonaws.com/entwine/geoid18/1076/ept.json","EPSG:3747+5703","3747","5703"
"188","https://noaa-nos-coastal-lidar-pds.s3.amazonaws.com/entwine/geoid18/1077/ept.json","EPSG:3717+5703","3717","5703"
"189","https://noaa-nos-coastal-lidar-pds.s3.amazonaws.com/entwine/geoid18/1078/ept.json","EPSG:3740+5703","3740","5703"
"190","https://noaa-nos-coastal-lidar-pds.s3.amazonaws.com/entwine/geoid18/1079/ept.json","EPSG:3717+5703","3717","5703"
"191","https://noaa-nos-coastal-lidar-pds.s3.amazonaws.com/entwine/geoid18/1080/ept.json","EPSG:3717+5703","3717","5703"
"192","https://noaa-nos-coastal-lidar-pds.s3.amazonaws.com/entwine/geoid18/1117/ept.json","EPSG:6347+5703","6347","5703"
"193","https://noaa-nos-coastal-lidar-pds.s3.amazonaws.com/entwine/geoid18/1118/ept.json","EPSG:6340+5703","6340","5703"
"194","https://noaa-nos-coastal-lidar-pds.s3.amazonaws.com/entwine/geoid18/1119/ept.json","EPSG:3724+5703","3724","5703"
"195","https://noaa-nos-coastal-lidar-pds.s3.amazonaws.com/entwine/geoid18/1120/ept.json","EPSG:3717+5703","3717","5703"
"196","https://noaa-nos-coastal-lidar-pds.s3.amazonaws.com/entwine/geoid18/1121/ept.json",NA,NA,NA
"197","https://noaa-nos-coastal-lidar-pds.s3.amazonaws.com/entwine/geoid18/1122/ept.json","EPSG:3718+5703","3718","5703"
"198","https://noaa-nos-coastal-lidar-pds.s3.amazonaws.com/entwine/geoid18/1123/ept.json","EPSG:3746+5703","3746","5703"
"199","https://noaa-nos-coastal-lidar-pds.s3.amazonaws.com/entwine/geoid18/1132/ept.json","EPSG:3725+5703","3725","5703"
"200","https://noaa-nos-coastal-lidar-pds.s3.amazonaws.com/entwine/geoid18/1133/ept.json","EPSG:3725+5703","3725","5703"
"201","https://noaa-nos-coastal-lidar-pds.s3.amazonaws.com/entwine/geoid18/1158/ept.json","EPSG:3718+5703","3718","5703"
"202","https://noaa-nos-coastal-lidar-pds.s3.amazonaws.com/entwine/geoid18/1159/ept.json","EPSG:3718+5703","3718","5703"
"203","https://noaa-nos-coastal-lidar-pds.s3.amazonaws.com/entwine/geoid18/1170/ept.json","EPSG:6347+5703","6347","5703"
"204","https://noaa-nos-coastal-lidar-pds.s3.amazonaws.com/entwine/geoid18/1171/ept.json","EPSG:3717+5703","3717","5703"
"205","https://noaa-nos-coastal-lidar-pds.s3.amazonaws.com/entwine/geoid18/1172/ept.json","EPSG:6347+5703","6347","5703"
"206","https://noaa-nos-coastal-lidar-pds.s3.amazonaws.com/entwine/geoid18/1178/ept.json","EPSG:3718+5703","3718","5703"
"207",NA,NA,NA,NA
"208","https://noaa-nos-coastal-lidar-pds.s3.amazonaws.com/entwine/geoid18/1198/ept.json","EPSG:6348+5703","6348","5703"
"209","https://noaa-nos-coastal-lidar-pds.s3.amazonaws.com/entwine/geoid18/1199/ept.json","EPSG:3725+5703","3725","5703"
"210","https://noaa-nos-coastal-lidar-pds.s3.amazonaws.com/entwine/geoid18/1389/ept.json","EPSG:3724+5703","3724","5703"
"211","https://noaa-nos-coastal-lidar-pds.s3.amazonaws.com/entwine/geoid18/1394/ept.json","EPSG:6348+6642","6348","6642"
"212","https://noaa-nos-coastal-lidar-pds.s3.amazonaws.com/entwine/geoid18/1407/ept.json","EPSG:6346+5703","6346","5703"
"213","https://noaa-nos-coastal-lidar-pds.s3.amazonaws.com/entwine/geoid18/1408/ept.json","EPSG:6347+5703","6347","5703"
"214","https://noaa-nos-coastal-lidar-pds.s3.amazonaws.com/entwine/geoid18/1411/ept.json","EPSG:6339+5703","6339","5703"
"215","https://noaa-nos-coastal-lidar-pds.s3.amazonaws.com/entwine/geoid18/1415/ept.json","EPSG:6339+5703","6339","5703"
"216","https://noaa-nos-coastal-lidar-pds.s3.amazonaws.com/entwine/geoid18/1416/ept.json","EPSG:6340+5703","6340","5703"
"217","https://noaa-nos-coastal-lidar-pds.s3.amazonaws.com/entwine/geoid18/1418/ept.json","EPSG:3717+5703","3717","5703"
"218","https://noaa-nos-coastal-lidar-pds.s3.amazonaws.com/entwine/geoid18/1419/ept.json","EPSG:6345+5703","6345","5703"
"219","https://noaa-nos-coastal-lidar-pds.s3.amazonaws.com/entwine/geoid18/1420/ept.json","EPSG:6345+5703","6345","5703"
"220","https://noaa-nos-coastal-lidar-pds.s3.amazonaws.com/entwine/geoid18/1425/ept.json","EPSG:3723+5703","3723","5703"
"221","https://noaa-nos-coastal-lidar-pds.s3.amazonaws.com/entwine/geoid18/1426/ept.json","EPSG:3723+5703","3723","5703"
"222","https://noaa-nos-coastal-lidar-pds.s3.amazonaws.com/entwine/geoid18/1427/ept.json","EPSG:6340+5703","6340","5703"
"223","https://noaa-nos-coastal-lidar-pds.s3.amazonaws.com/entwine/geoid18/1428/ept.json","EPSG:3717+5703","3717","5703"
"224","https://noaa-nos-coastal-lidar-pds.s3.amazonaws.com/entwine/geoid18/1429/ept.json","EPSG:3717+5703","3717","5703"
"225","https://noaa-nos-coastal-lidar-pds.s3.amazonaws.com/entwine/geoid18/1431/ept.json","EPSG:3724+5703","3724","5703"
"226","https://noaa-nos-coastal-lidar-pds.s3.amazonaws.com/entwine/geoid18/1432/ept.json","EPSG:3717+5703","3717","5703"
"227","https://noaa-nos-coastal-lidar-pds.s3.amazonaws.com/entwine/geoid18/1433/ept.json","EPSG:3722+5703","3722","5703"
"228","https://noaa-nos-coastal-lidar-pds.s3.amazonaws.com/entwine/geoid18/1434/ept.json","EPSG:6347+5703","6347","5703"
"229","https://noaa-nos-coastal-lidar-pds.s3.amazonaws.com/entwine/geoid18/1436/ept.json","EPSG:6347+5703","6347","5703"
"230","https://noaa-nos-coastal-lidar-pds.s3.amazonaws.com/entwine/geoid18/1437/ept.json","EPSG:6347+5703","6347","5703"
"231","https://noaa-nos-coastal-lidar-pds.s3.amazonaws.com/entwine/geoid18/1451/ept.json","EPSG:3740+5703","3740","5703"
"232","https://noaa-nos-coastal-lidar-pds.s3.amazonaws.com/entwine/geoid18/1452/ept.json","EPSG:3717+5703","3717","5703"
"233","https://noaa-nos-coastal-lidar-pds.s3.amazonaws.com/entwine/geoid18/1453/ept.json","EPSG:3740+5703","3740","5703"
"234","https://noaa-nos-coastal-lidar-pds.s3.amazonaws.com/entwine/geoid18/1454/ept.json","EPSG:6339+5703","6339","5703"
"235","https://noaa-nos-coastal-lidar-pds.s3.amazonaws.com/entwine/geoid18/1455/ept.json","EPSG:6339+5703","6339","5703"
"236","https://noaa-nos-coastal-lidar-pds.s3.amazonaws.com/entwine/geoid18/1461/ept.json","EPSG:3740+5703","3740","5703"
"237","https://noaa-nos-coastal-lidar-pds.s3.amazonaws.com/entwine/geoid18/1462/ept.json","EPSG:3740+5703","3740","5703"
"238","https://noaa-nos-coastal-lidar-pds.s3.amazonaws.com/entwine/geoid18/1463/ept.json","EPSG:3740+5703","3740","5703"
"239","https://noaa-nos-coastal-lidar-pds.s3.amazonaws.com/entwine/geoid18/1464/ept.json","EPSG:3717+5703","3717","5703"
"240","https://noaa-nos-coastal-lidar-pds.s3.amazonaws.com/entwine/geoid12b/1466/ept.json","EPSG:3713+5703","3713","5703"
"241","https://noaa-nos-coastal-lidar-pds.s3.amazonaws.com/entwine/geoid12b/1467/ept.json","EPSG:3713+5703","3713","5703"
"242","https://noaa-nos-coastal-lidar-pds.s3.amazonaws.com/entwine/geoid18/1468/ept.json","EPSG:3748+5703","3748","5703"
"243","https://noaa-nos-coastal-lidar-pds.s3.amazonaws.com/entwine/geoid18/1472/ept.json","EPSG:3725+5703","3725","5703"
"244","https://noaa-nos-coastal-lidar-pds.s3.amazonaws.com/entwine/geoid18/1473/ept.json","EPSG:3748+5703","3748","5703"
"245","https://noaa-nos-coastal-lidar-pds.s3.amazonaws.com/entwine/geoid18/1474/ept.json","EPSG:3740+5703","3740","5703"
"246","https://noaa-nos-coastal-lidar-pds.s3.amazonaws.com/entwine/geoid18/1475/ept.json","EPSG:3717+5703","3717","5703"
"247","https://noaa-nos-coastal-lidar-pds.s3.amazonaws.com/entwine/geoid18/2475/ept.json","EPSG:3723+5703","3723","5703"
"248","https://noaa-nos-coastal-lidar-pds.s3.amazonaws.com/entwine/geoid18/2476/ept.json","EPSG:3723+5703","3723","5703"
"249","https://noaa-nos-coastal-lidar-pds.s3.amazonaws.com/entwine/geoid18/2478/ept.json","EPSG:6347+5703","6347","5703"
"250","https://noaa-nos-coastal-lidar-pds.s3.amazonaws.com/entwine/geoid18/2479/ept.json","EPSG:3749+5703","3749","5703"
"251","https://noaa-nos-coastal-lidar-pds.s3.amazonaws.com/entwine/geoid18/2480/ept.json","EPSG:3726+5703","3726","5703"
"252","https://noaa-nos-coastal-lidar-pds.s3.amazonaws.com/entwine/geoid18/2481/ept.json","EPSG:3726+5703","3726","5703"
"253","https://noaa-nos-coastal-lidar-pds.s3.amazonaws.com/entwine/geoid18/2482/ept.json","EPSG:3740+5703","3740","5703"
"254","https://noaa-nos-coastal-lidar-pds.s3.amazonaws.com/entwine/geoid18/2488/ept.json","EPSG:6347+5703","6347","5703"
"255","https://noaa-nos-coastal-lidar-pds.s3.amazonaws.com/entwine/geoid12b/2490/ept.json","EPSG:3857+6643","3857","6643"
"256","https://noaa-nos-coastal-lidar-pds.s3.amazonaws.com/entwine/geoid18/2491/ept.json","EPSG:3740+5703","3740","5703"
"257","https://noaa-nos-coastal-lidar-pds.s3.amazonaws.com/entwine/geoid18/2492/ept.json","EPSG:6339+5703","6339","5703"
"258","https://noaa-nos-coastal-lidar-pds.s3.amazonaws.com/entwine/geoid18/2493/ept.json","EPSG:6346+5703","6346","5703"
"259","https://noaa-nos-coastal-lidar-pds.s3.amazonaws.com/entwine/geoid18/2496/ept.json","EPSG:6339+5703","6339","5703"
"260","https://noaa-nos-coastal-lidar-pds.s3.amazonaws.com/entwine/geoid18/2506/ept.json","EPSG:6339+5703","6339","5703"
"261","https://noaa-nos-coastal-lidar-pds.s3.amazonaws.com/entwine/geoid18/2507/ept.json","EPSG:3722+5703","3722","5703"
"262","https://noaa-nos-coastal-lidar-pds.s3.amazonaws.com/entwine/geoid18/2508/ept.json","EPSG:6339+5703","6339","5703"
"263","https://noaa-nos-coastal-lidar-pds.s3.amazonaws.com/entwine/geoid18/2511/ept.json","EPSG:6339+5703","6339","5703"
"264","https://noaa-nos-coastal-lidar-pds.s3.amazonaws.com/entwine/geoid12b/2512/ept.json","EPSG:3712+5703","3712","5703"
"265","https://noaa-nos-coastal-lidar-pds.s3.amazonaws.com/entwine/geoid18/2513/ept.json","EPSG:6348+5703","6348","5703"
"266","https://noaa-nos-coastal-lidar-pds.s3.amazonaws.com/entwine/geoid18/2516/ept.json","EPSG:6348+5703","6348","5703"
"267","https://noaa-nos-coastal-lidar-pds.s3.amazonaws.com/entwine/geoid18/2517/ept.json","EPSG:3723+5703","3723","5703"
"268","https://noaa-nos-coastal-lidar-pds.s3.amazonaws.com/entwine/geoid18/2518/ept.json","EPSG:3749+6641","3749","6641"
"269","https://noaa-nos-coastal-lidar-pds.s3.amazonaws.com/entwine/geoid18/2520/ept.json","EPSG:3717+5703","3717","5703"
"270","https://noaa-nos-coastal-lidar-pds.s3.amazonaws.com/entwine/geoid18/2521/ept.json","EPSG:3747+5703","3747","5703"
"271","https://noaa-nos-coastal-lidar-pds.s3.amazonaws.com/entwine/geoid18/2522/ept.json","EPSG:3723+5703","3723","5703"
"272","https://noaa-nos-coastal-lidar-pds.s3.amazonaws.com/entwine/geoid18/2523/ept.json","EPSG:3717+5703","3717","5703"
"273","https://noaa-nos-coastal-lidar-pds.s3.amazonaws.com/entwine/geoid18/2524/ept.json","EPSG:6348+5703","6348","5703"
"274","https://noaa-nos-coastal-lidar-pds.s3.amazonaws.com/entwine/geoid18/2526/ept.json","EPSG:3746+5703","3746","5703"
"275","https://noaa-nos-coastal-lidar-pds.s3.amazonaws.com/entwine/geoid18/2527/ept.json","EPSG:3723+5703","3723","5703"
"276","https://noaa-nos-coastal-lidar-pds.s3.amazonaws.com/entwine/geoid18/2528/ept.json","EPSG:3740+5703","3740","5703"
"277","https://noaa-nos-coastal-lidar-pds.s3.amazonaws.com/entwine/geoid18/2530/ept.json","EPSG:3723+5703","3723","5703"
"278","https://noaa-nos-coastal-lidar-pds.s3.amazonaws.com/entwine/geoid18/2531/ept.json","EPSG:6345+5703","6345","5703"
"279","https://noaa-nos-coastal-lidar-pds.s3.amazonaws.com/entwine/geoid18/2532/ept.json","EPSG:3740+5703","3740","5703"
"280","https://noaa-nos-coastal-lidar-pds.s3.amazonaws.com/entwine/geoid18/2533/ept.json","EPSG:3717+5703","3717","5703"
"281","https://noaa-nos-coastal-lidar-pds.s3.amazonaws.com/entwine/geoid18/2534/ept.json","EPSG:3747+5703","3747","5703"
"282","https://noaa-nos-coastal-lidar-pds.s3.amazonaws.com/entwine/geoid18/2535/ept.json","EPSG:3740+5703","3740","5703"
"283","https://noaa-nos-coastal-lidar-pds.s3.amazonaws.com/entwine/geoid18/2536/ept.json","EPSG:3724+5703","3724","5703"
"284","https://noaa-nos-coastal-lidar-pds.s3.amazonaws.com/entwine/geoid18/2543/ept.json","EPSG:3717+5703","3717","5703"
"285","https://noaa-nos-coastal-lidar-pds.s3.amazonaws.com/entwine/geoid18/2544/ept.json","EPSG:3747+5703","3747","5703"
"286","https://noaa-nos-coastal-lidar-pds.s3.amazonaws.com/entwine/geoid18/2545/ept.json","EPSG:3747+5703","3747","5703"
"287","https://noaa-nos-coastal-lidar-pds.s3.amazonaws.com/entwine/geoid18/2546/ept.json","EPSG:3747+5703","3747","5703"
"288","https://noaa-nos-coastal-lidar-pds.s3.amazonaws.com/entwine/geoid18/2547/ept.json","EPSG:3726+5703","3726","5703"
"289","https://noaa-nos-coastal-lidar-pds.s3.amazonaws.com/entwine/geoid12b/2548/ept.json","EPSG:3751+5703","3751","5703"
"290","https://noaa-nos-coastal-lidar-pds.s3.amazonaws.com/entwine/geoid18/2549/ept.json","EPSG:3726+5703","3726","5703"
"291","https://noaa-nos-coastal-lidar-pds.s3.amazonaws.com/entwine/geoid18/2550/ept.json","EPSG:6345+5703","6345","5703"
"292","https://noaa-nos-coastal-lidar-pds.s3.amazonaws.com/entwine/geoid18/2553/ept.json","EPSG:3747+5703","3747","5703"
"293","https://noaa-nos-coastal-lidar-pds.s3.amazonaws.com/entwine/geoid18/2554/ept.json","EPSG:3749+5703","3749","5703"
"294","https://noaa-nos-coastal-lidar-pds.s3.amazonaws.com/entwine/geoid18/2555/ept.json","EPSG:3726+5703","3726","5703"
"295","https://noaa-nos-coastal-lidar-pds.s3.amazonaws.com/entwine/geoid18/2556/ept.json","EPSG:6347+5703","6347","5703"
"296","https://noaa-nos-coastal-lidar-pds.s3.amazonaws.com/entwine/geoid18/2557/ept.json","EPSG:3726+5703","3726","5703"
"297","https://noaa-nos-coastal-lidar-pds.s3.amazonaws.com/entwine/geoid18/2560/ept.json","EPSG:6345+5703","6345","5703"
"298","https://noaa-nos-coastal-lidar-pds.s3.amazonaws.com/entwine/geoid18/2562/ept.json","EPSG:3745+5703","3745","5703"
"299","https://noaa-nos-coastal-lidar-pds.s3.amazonaws.com/entwine/geoid18/2563/ept.json","EPSG:3746+5703","3746","5703"
"300","https://noaa-nos-coastal-lidar-pds.s3.amazonaws.com/entwine/geoid18/2564/ept.json","EPSG:3722+5703","3722","5703"
"301","https://noaa-nos-coastal-lidar-pds.s3.amazonaws.com/entwine/geoid18/2570/ept.json","EPSG:3749+5703","3749","5703"
"302","https://noaa-nos-coastal-lidar-pds.s3.amazonaws.com/entwine/geoid18/2573/ept.json","EPSG:3748+5703","3748","5703"
"303","https://noaa-nos-coastal-lidar-pds.s3.amazonaws.com/entwine/geoid18/2574/ept.json","EPSG:3748+5703","3748","5703"
"304","https://noaa-nos-coastal-lidar-pds.s3.amazonaws.com/entwine/geoid18/2575/ept.json","EPSG:3726+5703","3726","5703"
"305","https://noaa-nos-coastal-lidar-pds.s3.amazonaws.com/entwine/geoid18/2576/ept.json","EPSG:3749+5703","3749","5703"
"306","https://noaa-nos-coastal-lidar-pds.s3.amazonaws.com/entwine/geoid18/2577/ept.json","EPSG:3748+5703","3748","5703"
"307","https://noaa-nos-coastal-lidar-pds.s3.amazonaws.com/entwine/geoid18/2579/ept.json","EPSG:3740+5703","3740","5703"
"308","https://noaa-nos-coastal-lidar-pds.s3.amazonaws.com/entwine/geoid12b/2580/ept.json","EPSG:6335+5703","6335","5703"
"309","https://noaa-nos-coastal-lidar-pds.s3.amazonaws.com/entwine/geoid18/2581/ept.json","EPSG:6348+5703","6348","5703"
"310","https://noaa-nos-coastal-lidar-pds.s3.amazonaws.com/entwine/geoid18/2583/ept.json","EPSG:3740+5703","3740","5703"
"311","https://noaa-nos-coastal-lidar-pds.s3.amazonaws.com/entwine/geoid18/2584/ept.json","EPSG:3740+5703","3740","5703"
"312","https://noaa-nos-coastal-lidar-pds.s3.amazonaws.com/entwine/geoid18/2585/ept.json","EPSG:3740+5703","3740","5703"
"313","https://noaa-nos-coastal-lidar-pds.s3.amazonaws.com/entwine/geoid18/2586/ept.json","EPSG:3740+5703","3740","5703"
"314","https://noaa-nos-coastal-lidar-pds.s3.amazonaws.com/entwine/geoid18/2587/ept.json","EPSG:6340+5703","6340","5703"
"315","https://noaa-nos-coastal-lidar-pds.s3.amazonaws.com/entwine/geoid18/2588/ept.json","EPSG:3717+5703","3717","5703"
"316","https://noaa-nos-coastal-lidar-pds.s3.amazonaws.com/entwine/geoid18/2590/ept.json","EPSG:3717+5703","3717","5703"
"317","https://noaa-nos-coastal-lidar-pds.s3.amazonaws.com/entwine/geoid18/2596/ept.json","EPSG:3741+5703","3741","5703"
"318","https://noaa-nos-coastal-lidar-pds.s3.amazonaws.com/entwine/geoid18/2597/ept.json","EPSG:6347+5703","6347","5703"
"319","https://noaa-nos-coastal-lidar-pds.s3.amazonaws.com/entwine/geoid18/2598/ept.json","EPSG:3725+5703","3725","5703"
"320","https://noaa-nos-coastal-lidar-pds.s3.amazonaws.com/entwine/geoid18/2599/ept.json","EPSG:6339+5703","6339","5703"
"321","https://noaa-nos-coastal-lidar-pds.s3.amazonaws.com/entwine/geoid18/2600/ept.json","EPSG:3723+5703","3723","5703"
"322","https://noaa-nos-coastal-lidar-pds.s3.amazonaws.com/entwine/geoid18/2602/ept.json","EPSG:3749+5703","3749","5703"
"323","https://noaa-nos-coastal-lidar-pds.s3.amazonaws.com/entwine/geoid18/2603/ept.json","EPSG:6339+5703","6339","5703"
"324","https://noaa-nos-coastal-lidar-pds.s3.amazonaws.com/entwine/geoid18/2604/ept.json","EPSG:3717+5703","3717","5703"
"325","https://noaa-nos-coastal-lidar-pds.s3.amazonaws.com/entwine/geoid18/2605/ept.json","EPSG:3717+5703","3717","5703"
"326","https://noaa-nos-coastal-lidar-pds.s3.amazonaws.com/entwine/geoid18/2606/ept.json","EPSG:3718+5703","3718","5703"
"327","https://noaa-nos-coastal-lidar-pds.s3.amazonaws.com/entwine/geoid18/2607/ept.json","EPSG:3725+5703","3725","5703"
"328","https://noaa-nos-coastal-lidar-pds.s3.amazonaws.com/entwine/geoid18/2608/ept.json","EPSG:3717+5703","3717","5703"
"329","https://noaa-nos-coastal-lidar-pds.s3.amazonaws.com/entwine/geoid12b/2609/ept.json","EPSG:6335+5703","6335","5703"
"330","https://noaa-nos-coastal-lidar-pds.s3.amazonaws.com/entwine/geoid18/2610/ept.json","EPSG:6345+5703","6345","5703"
"331","https://noaa-nos-coastal-lidar-pds.s3.amazonaws.com/entwine/geoid18/2611/ept.json","EPSG:6348+5703","6348","5703"
"332","https://noaa-nos-coastal-lidar-pds.s3.amazonaws.com/entwine/geoid18/2612/ept.json","EPSG:3717+5703","3717","5703"
"333","https://noaa-nos-coastal-lidar-pds.s3.amazonaws.com/entwine/geoid18/2613/ept.json","EPSG:6339+5703","6339","5703"
"334","https://noaa-nos-coastal-lidar-pds.s3.amazonaws.com/entwine/geoid18/2615/ept.json","EPSG:6339+5703","6339","5703"
"335","https://noaa-nos-coastal-lidar-pds.s3.amazonaws.com/entwine/geoid18/2617/ept.json","EPSG:6346+5703","6346","5703"
"336","https://noaa-nos-coastal-lidar-pds.s3.amazonaws.com/entwine/geoid18/2619/ept.json","EPSG:6346+5703","6346","5703"
"337","https://noaa-nos-coastal-lidar-pds.s3.amazonaws.com/entwine/geoid18/2620/ept.json","EPSG:6347+5703","6347","5703"
"338","https://noaa-nos-coastal-lidar-pds.s3.amazonaws.com/entwine/geoid18/2621/ept.json","EPSG:3725+5703","3725","5703"
"339","https://noaa-nos-coastal-lidar-pds.s3.amazonaws.com/entwine/geoid18/2623/ept.json","EPSG:3725+5703","3725","5703"
"340","https://noaa-nos-coastal-lidar-pds.s3.amazonaws.com/entwine/geoid18/2634/ept.json","EPSG:3725+5703","3725","5703"
"341","https://noaa-nos-coastal-lidar-pds.s3.amazonaws.com/entwine/geoid18/2635/ept.json","EPSG:6347+5703","6347","5703"
"342","https://noaa-nos-coastal-lidar-pds.s3.amazonaws.com/entwine/egm08/2642/ept.json","EPSG:3857+3855","3857","3855"
"343","https://noaa-nos-coastal-lidar-pds.s3.amazonaws.com/entwine/geoid18/2643/ept.json","EPSG:6347+5703","6347","5703"
"344","https://noaa-nos-coastal-lidar-pds.s3.amazonaws.com/entwine/geoid18/2644/ept.json","EPSG:6345+5703","6345","5703"
"345","https://noaa-nos-coastal-lidar-pds.s3.amazonaws.com/entwine/egm08/3644/ept.json","EPSG:3857+3855","3857","3855"
"346","https://noaa-nos-coastal-lidar-pds.s3.amazonaws.com/entwine/egm08/3645/ept.json","EPSG:3857+3855","3857","3855"
"347","https://noaa-nos-coastal-lidar-pds.s3.amazonaws.com/entwine/egm08/3646/ept.json","EPSG:3857+3855","3857","3855"
"348","https://noaa-nos-coastal-lidar-pds.s3.amazonaws.com/entwine/egm08/3647/ept.json","EPSG:3857+3855","3857","3855"
"349","https://noaa-nos-coastal-lidar-pds.s3.amazonaws.com/entwine/geoid12b/3648/ept.json","EPSG:3750+5703","3750","5703"
"350","https://noaa-nos-coastal-lidar-pds.s3.amazonaws.com/entwine/geoid18/3649/ept.json","EPSG:6345+5703","6345","5703"
"351","https://noaa-nos-coastal-lidar-pds.s3.amazonaws.com/entwine/geoid18/3650/ept.json","EPSG:3717+5703","3717","5703"
"352","https://noaa-nos-coastal-lidar-pds.s3.amazonaws.com/entwine/geoid18/3651/ept.json","EPSG:6339+5703","6339","5703"
"353","https://noaa-nos-coastal-lidar-pds.s3.amazonaws.com/entwine/geoid18/3652/ept.json","EPSG:6339+5703","6339","5703"
"354","https://noaa-nos-coastal-lidar-pds.s3.amazonaws.com/entwine/geoid18/3653/ept.json","EPSG:3724+5703","3724","5703"
"355","https://noaa-nos-coastal-lidar-pds.s3.amazonaws.com/entwine/geoid18/3654/ept.json","EPSG:3724+5703","3724","5703"
"356","https://noaa-nos-coastal-lidar-pds.s3.amazonaws.com/entwine/geoid18/3656/ept.json","EPSG:3724+5703","3724","5703"
"357","https://noaa-nos-coastal-lidar-pds.s3.amazonaws.com/entwine/geoid18/3657/ept.json","EPSG:6347+5703","6347","5703"
"358","https://noaa-nos-coastal-lidar-pds.s3.amazonaws.com/entwine/geoid18/3658/ept.json","EPSG:6347+5703","6347","5703"
"359","https://noaa-nos-coastal-lidar-pds.s3.amazonaws.com/entwine/geoid18/3661/ept.json","EPSG:3718+5703","3718","5703"
"360","https://noaa-nos-coastal-lidar-pds.s3.amazonaws.com/entwine/geoid18/3664/ept.json","EPSG:6347+5703","6347","5703"
"361","https://noaa-nos-coastal-lidar-pds.s3.amazonaws.com/entwine/geoid18/3665/ept.json","EPSG:6347+5703","6347","5703"
"362","https://noaa-nos-coastal-lidar-pds.s3.amazonaws.com/entwine/geoid18/3666/ept.json","EPSG:6347+5703","6347","5703"
"363","https://noaa-nos-coastal-lidar-pds.s3.amazonaws.com/entwine/geoid18/3668/ept.json","EPSG:6346+5703","6346","5703"
"364","https://noaa-nos-coastal-lidar-pds.s3.amazonaws.com/entwine/geoid18/3669/ept.json","EPSG:6348+6642","6348","6642"
"365","https://noaa-nos-coastal-lidar-pds.s3.amazonaws.com/entwine/geoid18/3670/ept.json","EPSG:6345+5703","6345","5703"
"366","https://noaa-nos-coastal-lidar-pds.s3.amazonaws.com/entwine/geoid18/3671/ept.json","EPSG:6347+5703","6347","5703"
"367","https://noaa-nos-coastal-lidar-pds.s3.amazonaws.com/entwine/geoid18/3672/ept.json","EPSG:6347+5703","6347","5703"
"368","https://noaa-nos-coastal-lidar-pds.s3.amazonaws.com/entwine/geoid18/3674/ept.json","EPSG:6339+5703","6339","5703"
"369","https://noaa-nos-coastal-lidar-pds.s3.amazonaws.com/entwine/geoid18/3675/ept.json","EPSG:6340+5703","6340","5703"
"370","https://noaa-nos-coastal-lidar-pds.s3.amazonaws.com/entwine/geoid18/3676/ept.json","EPSG:6339+5703","6339","5703"
"371","https://noaa-nos-coastal-lidar-pds.s3.amazonaws.com/entwine/geoid18/3677/ept.json","EPSG:6346+5703","6346","5703"
"372","https://noaa-nos-coastal-lidar-pds.s3.amazonaws.com/entwine/geoid18/3691/ept.json","EPSG:3724+5703","3724","5703"
"373","https://noaa-nos-coastal-lidar-pds.s3.amazonaws.com/entwine/geoid18/3692/ept.json","EPSG:6345+5703","6345","5703"
"374","https://noaa-nos-coastal-lidar-pds.s3.amazonaws.com/entwine/geoid18/4695/ept.json","EPSG:3724+5703","3724","5703"
"375","https://noaa-nos-coastal-lidar-pds.s3.amazonaws.com/entwine/geoid18/4697/ept.json","EPSG:6346+5703","6346","5703"
"376","https://noaa-nos-coastal-lidar-pds.s3.amazonaws.com/entwine/geoid18/4698/ept.json","EPSG:6346+5703","6346","5703"
"377","https://noaa-nos-coastal-lidar-pds.s3.amazonaws.com/entwine/geoid18/4700/ept.json","EPSG:3748+5703","3748","5703"
"378","https://noaa-nos-coastal-lidar-pds.s3.amazonaws.com/entwine/geoid18/4710/ept.json","EPSG:6347+5703","6347","5703"
"379","https://noaa-nos-coastal-lidar-pds.s3.amazonaws.com/entwine/geoid18/4711/ept.json","EPSG:6348+6641","6348","6641"
"380","https://noaa-nos-coastal-lidar-pds.s3.amazonaws.com/entwine/geoid18/4726/ept.json","EPSG:6347+5703","6347","5703"
"381","https://noaa-nos-coastal-lidar-pds.s3.amazonaws.com/entwine/geoid18/4727/ept.json","EPSG:6347+5703","6347","5703"
"382","https://noaa-nos-coastal-lidar-pds.s3.amazonaws.com/entwine/geoid18/4728/ept.json","EPSG:6347+5703","6347","5703"
"383","https://noaa-nos-coastal-lidar-pds.s3.amazonaws.com/entwine/geoid18/4729/ept.json","EPSG:6347+5703","6347","5703"
"384","https://noaa-nos-coastal-lidar-pds.s3.amazonaws.com/entwine/geoid18/4730/ept.json","EPSG:6347+5703","6347","5703"
"385","https://noaa-nos-coastal-lidar-pds.s3.amazonaws.com/entwine/geoid18/4731/ept.json","EPSG:3724+5703","3724","5703"
"386","https://noaa-nos-coastal-lidar-pds.s3.amazonaws.com/entwine/geoid18/4732/ept.json","EPSG:3747+5703","3747","5703"
"387","https://noaa-nos-coastal-lidar-pds.s3.amazonaws.com/entwine/geoid18/4735/ept.json","EPSG:6339+5703","6339","5703"
"388","https://noaa-nos-coastal-lidar-pds.s3.amazonaws.com/entwine/geoid18/4749/ept.json","EPSG:6345+5703","6345","5703"
"389","https://noaa-nos-coastal-lidar-pds.s3.amazonaws.com/entwine/geoid18/4793/ept.json","EPSG:6340+5703","6340","5703"
"390","https://noaa-nos-coastal-lidar-pds.s3.amazonaws.com/entwine/geoid18/4794/ept.json","EPSG:3723+5703","3723","5703"
"391","https://noaa-nos-coastal-lidar-pds.s3.amazonaws.com/entwine/geoid12b/4797/ept.json","EPSG:6334+5703","6334","5703"
"392","https://noaa-nos-coastal-lidar-pds.s3.amazonaws.com/entwine/geoid12b/4798/ept.json","EPSG:3713+5703","3713","5703"
"393","https://noaa-nos-coastal-lidar-pds.s3.amazonaws.com/entwine/geoid12b/4799/ept.json","EPSG:6332+5703","6332","5703"
"394","https://noaa-nos-coastal-lidar-pds.s3.amazonaws.com/entwine/geoid18/4801/ept.json","EPSG:3724+5703","3724","5703"
"395","https://noaa-nos-coastal-lidar-pds.s3.amazonaws.com/entwine/geoid18/4802/ept.json","EPSG:3724+5703","3724","5703"
"396","https://noaa-nos-coastal-lidar-pds.s3.amazonaws.com/entwine/geoid18/4803/ept.json","EPSG:3724+5703","3724","5703"
"397","https://noaa-nos-coastal-lidar-pds.s3.amazonaws.com/entwine/geoid18/4804/ept.json","EPSG:3724+5703","3724","5703"
"398","https://noaa-nos-coastal-lidar-pds.s3.amazonaws.com/entwine/geoid18/4805/ept.json","EPSG:3724+5703","3724","5703"
"399","https://noaa-nos-coastal-lidar-pds.s3.amazonaws.com/entwine/geoid18/4806/ept.json","EPSG:3724+5703","3724","5703"
"400","https://noaa-nos-coastal-lidar-pds.s3.amazonaws.com/entwine/geoid18/4807/ept.json","EPSG:6346+5703","6346","5703"
"401","https://noaa-nos-coastal-lidar-pds.s3.amazonaws.com/entwine/geoid18/4808/ept.json","EPSG:6345+5703","6345","5703"
"402","https://noaa-nos-coastal-lidar-pds.s3.amazonaws.com/entwine/geoid18/4809/ept.json","EPSG:3724+5703","3724","5703"
"403","https://noaa-nos-coastal-lidar-pds.s3.amazonaws.com/entwine/geoid18/4810/ept.json","EPSG:3718+5703","3718","5703"
"404","https://noaa-nos-coastal-lidar-pds.s3.amazonaws.com/entwine/geoid12b/4813/ept.json","EPSG:6337+5703","6337","5703"
"405","https://noaa-nos-coastal-lidar-pds.s3.amazonaws.com/entwine/geoid18/4815/ept.json","EPSG:3724+5703","3724","5703"
"406","https://noaa-nos-coastal-lidar-pds.s3.amazonaws.com/entwine/geoid18/4816/ept.json","EPSG:3724+5703","3724","5703"
"407","https://noaa-nos-coastal-lidar-pds.s3.amazonaws.com/entwine/geoid18/4817/ept.json","EPSG:3724+5703","3724","5703"
"408","https://noaa-nos-coastal-lidar-pds.s3.amazonaws.com/entwine/geoid18/4821/ept.json","EPSG:6346+5703","6346","5703"
"409","https://noaa-nos-coastal-lidar-pds.s3.amazonaws.com/entwine/geoid18/4822/ept.json","EPSG:3747+5703","3747","5703"
"410","https://noaa-nos-coastal-lidar-pds.s3.amazonaws.com/entwine/geoid18/4823/ept.json","EPSG:3724+5703","3724","5703"
"411","https://noaa-nos-coastal-lidar-pds.s3.amazonaws.com/entwine/geoid18/4824/ept.json","EPSG:3717+5703","3717","5703"
"412","https://noaa-nos-coastal-lidar-pds.s3.amazonaws.com/entwine/geoid18/4825/ept.json","EPSG:3717+5703","3717","5703"
"413","https://noaa-nos-coastal-lidar-pds.s3.amazonaws.com/entwine/geoid18/4826/ept.json","EPSG:6339+5703","6339","5703"
"414","https://noaa-nos-coastal-lidar-pds.s3.amazonaws.com/entwine/geoid18/4843/ept.json","EPSG:3717+5703","3717","5703"
"415","https://noaa-nos-coastal-lidar-pds.s3.amazonaws.com/entwine/geoid18/4844/ept.json","EPSG:6346+5703","6346","5703"
"416","https://noaa-nos-coastal-lidar-pds.s3.amazonaws.com/entwine/geoid18/4845/ept.json","EPSG:6345+5703","6345","5703"
"417","https://noaa-nos-coastal-lidar-pds.s3.amazonaws.com/entwine/geoid18/4846/ept.json","EPSG:6345+5703","6345","5703"
"418","https://noaa-nos-coastal-lidar-pds.s3.amazonaws.com/entwine/geoid18/4867/ept.json","EPSG:6339+5703","6339","5703"
"419","https://noaa-nos-coastal-lidar-pds.s3.amazonaws.com/entwine/geoid18/4868/ept.json","EPSG:3725+5703","3725","5703"
"420","https://noaa-nos-coastal-lidar-pds.s3.amazonaws.com/entwine/geoid18/4869/ept.json","EPSG:3725+5703","3725","5703"
"421","https://noaa-nos-coastal-lidar-pds.s3.amazonaws.com/entwine/geoid18/4870/ept.json","EPSG:3740+5703","3740","5703"
"422","https://noaa-nos-coastal-lidar-pds.s3.amazonaws.com/entwine/geoid18/4883/ept.json","EPSG:6348+5703","6348","5703"
"423","https://noaa-nos-coastal-lidar-pds.s3.amazonaws.com/entwine/geoid18/4884/ept.json","EPSG:3724+5703","3724","5703"
"424","https://noaa-nos-coastal-lidar-pds.s3.amazonaws.com/entwine/geoid18/4886/ept.json","EPSG:3724+5703","3724","5703"
"425","https://noaa-nos-coastal-lidar-pds.s3.amazonaws.com/entwine/geoid18/4887/ept.json","EPSG:6346+5703","6346","5703"
"426","https://noaa-nos-coastal-lidar-pds.s3.amazonaws.com/entwine/geoid18/4888/ept.json","EPSG:6346+5703","6346","5703"
"427","https://noaa-nos-coastal-lidar-pds.s3.amazonaws.com/entwine/geoid18/4889/ept.json","EPSG:6346+5703","6346","5703"
"428","https://noaa-nos-coastal-lidar-pds.s3.amazonaws.com/entwine/geoid18/4891/ept.json","EPSG:3724+5703","3724","5703"
"429","https://noaa-nos-coastal-lidar-pds.s3.amazonaws.com/entwine/geoid18/4893/ept.json","EPSG:6346+5703","6346","5703"
"430","https://noaa-nos-coastal-lidar-pds.s3.amazonaws.com/entwine/geoid18/4894/ept.json","EPSG:6346+5703","6346","5703"
"431","https://noaa-nos-coastal-lidar-pds.s3.amazonaws.com/entwine/geoid18/4896/ept.json","EPSG:3747+5703","3747","5703"
"432","https://noaa-nos-coastal-lidar-pds.s3.amazonaws.com/entwine/geoid18/4899/ept.json","EPSG:6346+5703","6346","5703"
"433","https://noaa-nos-coastal-lidar-pds.s3.amazonaws.com/entwine/geoid18/4901/ept.json","EPSG:6346+5703","6346","5703"
"434","https://noaa-nos-coastal-lidar-pds.s3.amazonaws.com/entwine/geoid18/4903/ept.json","EPSG:6346+5703","6346","5703"
"435","https://noaa-nos-coastal-lidar-pds.s3.amazonaws.com/entwine/geoid18/4904/ept.json","EPSG:6346+5703","6346","5703"
"436","https://noaa-nos-coastal-lidar-pds.s3.amazonaws.com/entwine/geoid18/4905/ept.json","EPSG:6339+5703","6339","5703"
"437","https://noaa-nos-coastal-lidar-pds.s3.amazonaws.com/entwine/geoid18/4906/ept.json","EPSG:6339+5703","6339","5703"
"438","https://noaa-nos-coastal-lidar-pds.s3.amazonaws.com/entwine/geoid18/4909/ept.json","EPSG:6339+5703","6339","5703"
"439","https://noaa-nos-coastal-lidar-pds.s3.amazonaws.com/entwine/geoid18/4910/ept.json","EPSG:6348+5703","6348","5703"
"440","https://noaa-nos-coastal-lidar-pds.s3.amazonaws.com/entwine/geoid18/4912/ept.json","EPSG:6340+5703","6340","5703"
"441","https://noaa-nos-coastal-lidar-pds.s3.amazonaws.com/entwine/geoid18/4920/ept.json","EPSG:6347+5703","6347","5703"
"442","https://noaa-nos-coastal-lidar-pds.s3.amazonaws.com/entwine/geoid18/4924/ept.json","EPSG:6345+5703","6345","5703"
"443","https://noaa-nos-coastal-lidar-pds.s3.amazonaws.com/entwine/geoid18/4925/ept.json","EPSG:6347+5703","6347","5703"
"444","https://noaa-nos-coastal-lidar-pds.s3.amazonaws.com/entwine/geoid18/4927/ept.json","EPSG:6347+5703","6347","5703"
"445","https://noaa-nos-coastal-lidar-pds.s3.amazonaws.com/entwine/geoid18/4929/ept.json","EPSG:6346+5703","6346","5703"
"446","https://noaa-nos-coastal-lidar-pds.s3.amazonaws.com/entwine/geoid18/4930/ept.json","EPSG:6348+5703","6348","5703"
"447","https://noaa-nos-coastal-lidar-pds.s3.amazonaws.com/entwine/geoid18/4931/ept.json","EPSG:6348+5703","6348","5703"
"448","https://noaa-nos-coastal-lidar-pds.s3.amazonaws.com/entwine/geoid18/4933/ept.json","EPSG:6348+5703","6348","5703"
"449","https://noaa-nos-coastal-lidar-pds.s3.amazonaws.com/entwine/geoid18/4934/ept.json","EPSG:6348+5703","6348","5703"
"450","https://noaa-nos-coastal-lidar-pds.s3.amazonaws.com/entwine/geoid18/4935/ept.json","EPSG:6348+5703","6348","5703"
"451","https://noaa-nos-coastal-lidar-pds.s3.amazonaws.com/entwine/geoid18/4936/ept.json","EPSG:6348+5703","6348","5703"
"452","https://noaa-nos-coastal-lidar-pds.s3.amazonaws.com/entwine/geoid18/4937/ept.json","EPSG:6347+5703","6347","5703"
"453","https://noaa-nos-coastal-lidar-pds.s3.amazonaws.com/entwine/geoid18/4938/ept.json","EPSG:6347+5703","6347","5703"
"454","https://noaa-nos-coastal-lidar-pds.s3.amazonaws.com/entwine/geoid12b/4939/ept.json","EPSG:8693+6644","8693","6644"
"455","https://noaa-nos-coastal-lidar-pds.s3.amazonaws.com/entwine/geoid18/4940/ept.json","EPSG:6348+6642","6348","6642"
"456","https://noaa-nos-coastal-lidar-pds.s3.amazonaws.com/entwine/geoid18/4949/ept.json","EPSG:6347+5703","6347","5703"
"457","https://noaa-nos-coastal-lidar-pds.s3.amazonaws.com/entwine/geoid18/4955/ept.json","EPSG:6339+5703","6339","5703"
"458","https://noaa-nos-coastal-lidar-pds.s3.amazonaws.com/entwine/geoid18/4956/ept.json","EPSG:6339+5703","6339","5703"
"459","https://noaa-nos-coastal-lidar-pds.s3.amazonaws.com/entwine/geoid18/4957/ept.json","EPSG:6346+5703","6346","5703"
"460","https://noaa-nos-coastal-lidar-pds.s3.amazonaws.com/entwine/geoid18/4968/ept.json","EPSG:6347+5703","6347","5703"
"461","https://noaa-nos-coastal-lidar-pds.s3.amazonaws.com/entwine/geoid18/4971/ept.json","EPSG:6346+5703","6346","5703"
"462","https://noaa-nos-coastal-lidar-pds.s3.amazonaws.com/entwine/geoid18/4972/ept.json","EPSG:6346+5703","6346","5703"
"463","https://noaa-nos-coastal-lidar-pds.s3.amazonaws.com/entwine/geoid18/4973/ept.json","EPSG:6348+5703","6348","5703"
"464","https://noaa-nos-coastal-lidar-pds.s3.amazonaws.com/entwine/geoid18/4974/ept.json","EPSG:6347+5703","6347","5703"
"465","https://noaa-nos-coastal-lidar-pds.s3.amazonaws.com/entwine/geoid18/4976/ept.json","EPSG:6348+5703","6348","5703"
"466","https://noaa-nos-coastal-lidar-pds.s3.amazonaws.com/entwine/geoid18/4978/ept.json","EPSG:6348+5703","6348","5703"
"467","https://noaa-nos-coastal-lidar-pds.s3.amazonaws.com/entwine/geoid18/4979/ept.json","EPSG:6348+5703","6348","5703"
"468","https://noaa-nos-coastal-lidar-pds.s3.amazonaws.com/entwine/geoid18/4980/ept.json","EPSG:6348+5703","6348","5703"
"469","https://noaa-nos-coastal-lidar-pds.s3.amazonaws.com/entwine/geoid18/4981/ept.json","EPSG:6347+5703","6347","5703"
"470","https://noaa-nos-coastal-lidar-pds.s3.amazonaws.com/entwine/geoid18/4982/ept.json","EPSG:6346+5703","6346","5703"
"471","https://noaa-nos-coastal-lidar-pds.s3.amazonaws.com/entwine/geoid18/4983/ept.json","EPSG:6347+5703","6347","5703"
"472","https://noaa-nos-coastal-lidar-pds.s3.amazonaws.com/entwine/geoid18/4984/ept.json","EPSG:6347+5703","6347","5703"
"473","https://noaa-nos-coastal-lidar-pds.s3.amazonaws.com/entwine/geoid18/4985/ept.json","EPSG:6343+5703","6343","5703"
"474","https://noaa-nos-coastal-lidar-pds.s3.amazonaws.com/entwine/geoid18/4986/ept.json","EPSG:6343+5703","6343","5703"
"475","https://noaa-nos-coastal-lidar-pds.s3.amazonaws.com/entwine/geoid18/4987/ept.json","EPSG:6343+5703","6343","5703"
"476","https://noaa-nos-coastal-lidar-pds.s3.amazonaws.com/entwine/geoid18/4988/ept.json","EPSG:3721+5703","3721","5703"
"477","https://noaa-nos-coastal-lidar-pds.s3.amazonaws.com/entwine/geoid18/4989/ept.json","EPSG:6339+5703","6339","5703"
"478","https://noaa-nos-coastal-lidar-pds.s3.amazonaws.com/entwine/geoid18/4991/ept.json","EPSG:6346+5703","6346","5703"
"479","https://noaa-nos-coastal-lidar-pds.s3.amazonaws.com/entwine/geoid18/4992/ept.json","EPSG:6346+5703","6346","5703"
"480","https://noaa-nos-coastal-lidar-pds.s3.amazonaws.com/entwine/geoid18/4993/ept.json","EPSG:6346+5703","6346","5703"
"481","https://noaa-nos-coastal-lidar-pds.s3.amazonaws.com/entwine/geoid18/5002/ept.json","EPSG:3725+5703","3725","5703"
"482","https://noaa-nos-coastal-lidar-pds.s3.amazonaws.com/entwine/geoid18/5003/ept.json","EPSG:6339+5703","6339","5703"
"483","https://noaa-nos-coastal-lidar-pds.s3.amazonaws.com/entwine/geoid18/5004/ept.json","EPSG:6347+5703","6347","5703"
"484","https://noaa-nos-coastal-lidar-pds.s3.amazonaws.com/entwine/geoid18/5007/ept.json","EPSG:3717+5703","3717","5703"
"485","https://noaa-nos-coastal-lidar-pds.s3.amazonaws.com/entwine/geoid18/5009/ept.json","EPSG:3740+5703","3740","5703"
"486","https://noaa-nos-coastal-lidar-pds.s3.amazonaws.com/entwine/geoid18/5010/ept.json","EPSG:3747+5703","3747","5703"
"487","https://noaa-nos-coastal-lidar-pds.s3.amazonaws.com/entwine/geoid18/5011/ept.json","EPSG:3747+5703","3747","5703"
"488","https://noaa-nos-coastal-lidar-pds.s3.amazonaws.com/entwine/geoid12b/5012/ept.json","EPSG:3711+5703","3711","5703"
"489","https://noaa-nos-coastal-lidar-pds.s3.amazonaws.com/entwine/geoid12b/5013/ept.json","EPSG:3711+5703","3711","5703"
"490","https://noaa-nos-coastal-lidar-pds.s3.amazonaws.com/entwine/geoid12b/5014/ept.json","EPSG:3711+5703","3711","5703"
"491","https://noaa-nos-coastal-lidar-pds.s3.amazonaws.com/entwine/geoid12b/5015/ept.json","EPSG:3711+5703","3711","5703"
"492","https://noaa-nos-coastal-lidar-pds.s3.amazonaws.com/entwine/geoid12b/5017/ept.json","EPSG:3712+5703","3712","5703"
"493","https://noaa-nos-coastal-lidar-pds.s3.amazonaws.com/entwine/geoid12b/5018/ept.json","EPSG:3711+5703","3711","5703"
"494","https://noaa-nos-coastal-lidar-pds.s3.amazonaws.com/entwine/geoid18/5019/ept.json","EPSG:6346+5703","6346","5703"
"495","https://noaa-nos-coastal-lidar-pds.s3.amazonaws.com/entwine/geoid18/5020/ept.json","EPSG:3723+5703","3723","5703"
"496","https://noaa-nos-coastal-lidar-pds.s3.amazonaws.com/entwine/geoid12b/5021/ept.json","EPSG:3715+5703","3715","5703"
"497","https://noaa-nos-coastal-lidar-pds.s3.amazonaws.com/entwine/geoid18/5022/ept.json","EPSG:6339+5703","6339","5703"
"498","https://noaa-nos-coastal-lidar-pds.s3.amazonaws.com/entwine/geoid18/5023/ept.json","EPSG:6339+5703","6339","5703"
"499","https://noaa-nos-coastal-lidar-pds.s3.amazonaws.com/entwine/geoid18/5024/ept.json","EPSG:6339+5703","6339","5703"
"500","https://noaa-nos-coastal-lidar-pds.s3.amazonaws.com/entwine/geoid18/5025/ept.json","EPSG:6339+5703","6339","5703"
"501","https://noaa-nos-coastal-lidar-pds.s3.amazonaws.com/entwine/geoid18/5026/ept.json","EPSG:6339+5703","6339","5703"
"502","https://noaa-nos-coastal-lidar-pds.s3.amazonaws.com/entwine/geoid18/5027/ept.json","EPSG:6347+5703","6347","5703"
"503","https://noaa-nos-coastal-lidar-pds.s3.amazonaws.com/entwine/geoid18/5028/ept.json","EPSG:3718+5703","3718","5703"
"504","https://noaa-nos-coastal-lidar-pds.s3.amazonaws.com/entwine/geoid18/5029/ept.json","EPSG:6347+5703","6347","5703"
"505","https://noaa-nos-coastal-lidar-pds.s3.amazonaws.com/entwine/msl/5030/ept.json","EPSG:6634+5714","6634","5714"
"506","https://noaa-nos-coastal-lidar-pds.s3.amazonaws.com/entwine/msl/5031/ept.json","EPSG:6634+5714","6634","5714"
"507","https://noaa-nos-coastal-lidar-pds.s3.amazonaws.com/entwine/msl/5032/ept.json","EPSG:6634+5714","6634","5714"
"508","https://noaa-nos-coastal-lidar-pds.s3.amazonaws.com/entwine/msl/5033/ept.json","EPSG:6634+5714","6634","5714"
"509","https://noaa-nos-coastal-lidar-pds.s3.amazonaws.com/entwine/msl/5034/ept.json","EPSG:6634+5714","6634","5714"
"510","https://noaa-nos-coastal-lidar-pds.s3.amazonaws.com/entwine/geoid18/5036/ept.json","EPSG:6345+5703","6345","5703"
"511","https://noaa-nos-coastal-lidar-pds.s3.amazonaws.com/entwine/geoid18/5037/ept.json","EPSG:6348+6641","6348","6641"
"512","https://noaa-nos-coastal-lidar-pds.s3.amazonaws.com/entwine/geoid18/5038/ept.json","EPSG:3747+5703","3747","5703"
"513","https://noaa-nos-coastal-lidar-pds.s3.amazonaws.com/entwine/msl/5039/ept.json","EPSG:6635+5714","6635","5714"
"514","https://noaa-nos-coastal-lidar-pds.s3.amazonaws.com/entwine/geoid18/5042/ept.json","EPSG:6345+5703","6345","5703"
"515","https://noaa-nos-coastal-lidar-pds.s3.amazonaws.com/entwine/geoid18/5043/ept.json","EPSG:6347+5703","6347","5703"
"516","https://noaa-nos-coastal-lidar-pds.s3.amazonaws.com/entwine/geoid18/5044/ept.json","EPSG:6347+5703","6347","5703"
"517","https://noaa-nos-coastal-lidar-pds.s3.amazonaws.com/entwine/geoid18/5045/ept.json","EPSG:6348+5703","6348","5703"
"518","https://noaa-nos-coastal-lidar-pds.s3.amazonaws.com/entwine/geoid18/5056/ept.json","EPSG:6347+5703","6347","5703"
"519","https://noaa-nos-coastal-lidar-pds.s3.amazonaws.com/entwine/geoid18/5086/ept.json","EPSG:6347+5703","6347","5703"
"520","https://noaa-nos-coastal-lidar-pds.s3.amazonaws.com/entwine/geoid12b/5088/ept.json","EPSG:3714+5703","3714","5703"
"521","https://noaa-nos-coastal-lidar-pds.s3.amazonaws.com/entwine/geoid18/5089/ept.json","EPSG:6346+5703","6346","5703"
"522","https://noaa-nos-coastal-lidar-pds.s3.amazonaws.com/entwine/geoid18/5101/ept.json","EPSG:6348+5703","6348","5703"
"523","https://noaa-nos-coastal-lidar-pds.s3.amazonaws.com/entwine/geoid18/5102/ept.json","EPSG:6346+5703","6346","5703"
"524","https://noaa-nos-coastal-lidar-pds.s3.amazonaws.com/entwine/geoid18/5103/ept.json","EPSG:6346+5703","6346","5703"
"525","https://noaa-nos-coastal-lidar-pds.s3.amazonaws.com/entwine/geoid18/5104/ept.json","EPSG:3724+5703","3724","5703"
"526","https://noaa-nos-coastal-lidar-pds.s3.amazonaws.com/entwine/geoid18/5106/ept.json","EPSG:6346+5703","6346","5703"
"527","https://noaa-nos-coastal-lidar-pds.s3.amazonaws.com/entwine/geoid18/5107/ept.json","EPSG:6346+5703","6346","5703"
"528","https://noaa-nos-coastal-lidar-pds.s3.amazonaws.com/entwine/geoid18/5108/ept.json","EPSG:6346+5703","6346","5703"
"529","https://noaa-nos-coastal-lidar-pds.s3.amazonaws.com/entwine/geoid18/5109/ept.json","EPSG:6346+5703","6346","5703"
"530","https://noaa-nos-coastal-lidar-pds.s3.amazonaws.com/entwine/geoid18/5110/ept.json","EPSG:6346+5703","6346","5703"
"531","https://noaa-nos-coastal-lidar-pds.s3.amazonaws.com/entwine/geoid18/5112/ept.json","EPSG:6346+5703","6346","5703"
"532","https://noaa-nos-coastal-lidar-pds.s3.amazonaws.com/entwine/geoid18/5168/ept.json","EPSG:6345+5703","6345","5703"
"533","https://noaa-nos-coastal-lidar-pds.s3.amazonaws.com/entwine/geoid12b/5180/ept.json","EPSG:6635+5703","6635","5703"
"534","https://noaa-nos-coastal-lidar-pds.s3.amazonaws.com/entwine/geoid18/5183/ept.json","EPSG:6345+5703","6345","5703"
"535","https://noaa-nos-coastal-lidar-pds.s3.amazonaws.com/entwine/geoid18/5185/ept.json","EPSG:6346+5703","6346","5703"
"536","https://noaa-nos-coastal-lidar-pds.s3.amazonaws.com/entwine/geoid18/5186/ept.json","EPSG:6344+5703","6344","5703"
"537","https://noaa-nos-coastal-lidar-pds.s3.amazonaws.com/entwine/geoid18/5187/ept.json","EPSG:6345+5703","6345","5703"
"538","https://noaa-nos-coastal-lidar-pds.s3.amazonaws.com/entwine/geoid18/6209/ept.json","EPSG:6346+5703","6346","5703"
"539","https://noaa-nos-coastal-lidar-pds.s3.amazonaws.com/entwine/geoid18/6231/ept.json","EPSG:6346+5703","6346","5703"
"540","https://noaa-nos-coastal-lidar-pds.s3.amazonaws.com/entwine/geoid18/6246/ept.json","EPSG:6346+5703","6346","5703"
"541","https://noaa-nos-coastal-lidar-pds.s3.amazonaws.com/entwine/geoid18/6253/ept.json","EPSG:6348+5703","6348","5703"
"542","https://noaa-nos-coastal-lidar-pds.s3.amazonaws.com/entwine/geoid18/6255/ept.json","EPSG:6348+5703","6348","5703"
"543","https://noaa-nos-coastal-lidar-pds.s3.amazonaws.com/entwine/geoid18/6256/ept.json","EPSG:3749+5703","3749","5703"
"544","https://noaa-nos-coastal-lidar-pds.s3.amazonaws.com/entwine/geoid18/6257/ept.json","EPSG:6347+5703","6347","5703"
"545","https://noaa-nos-coastal-lidar-pds.s3.amazonaws.com/entwine/geoid18/6258/ept.json","EPSG:6346+5703","6346","5703"
"546","https://noaa-nos-coastal-lidar-pds.s3.amazonaws.com/entwine/geoid18/6263/ept.json","EPSG:6339+5703","6339","5703"
"547","https://noaa-nos-coastal-lidar-pds.s3.amazonaws.com/entwine/geoid18/6265/ept.json","EPSG:6343+5703","6343","5703"
"548","https://noaa-nos-coastal-lidar-pds.s3.amazonaws.com/entwine/geoid12b/6268/ept.json","EPSG:6634+5703","6634","5703"
"549","https://noaa-nos-coastal-lidar-pds.s3.amazonaws.com/entwine/geoid18/6269/ept.json","EPSG:6348+5703","6348","5703"
"550","https://noaa-nos-coastal-lidar-pds.s3.amazonaws.com/entwine/geoid18/6272/ept.json","EPSG:6346+5703","6346","5703"
"551","https://noaa-nos-coastal-lidar-pds.s3.amazonaws.com/entwine/geoid18/6291/ept.json","EPSG:6343+5703","6343","5703"
"552","https://noaa-nos-coastal-lidar-pds.s3.amazonaws.com/entwine/geoid18/6299/ept.json","EPSG:6339+5703","6339","5703"
"553","https://noaa-nos-coastal-lidar-pds.s3.amazonaws.com/entwine/geoid18/6300/ept.json","EPSG:6347+5703","6347","5703"
"554","https://noaa-nos-coastal-lidar-pds.s3.amazonaws.com/entwine/geoid18/6301/ept.json","EPSG:6348+5703","6348","5703"
"555","https://noaa-nos-coastal-lidar-pds.s3.amazonaws.com/entwine/geoid18/6302/ept.json","EPSG:6347+5703","6347","5703"
"556","https://noaa-nos-coastal-lidar-pds.s3.amazonaws.com/entwine/geoid18/6303/ept.json","EPSG:6346+5703","6346","5703"
"557","https://noaa-nos-coastal-lidar-pds.s3.amazonaws.com/entwine/geoid18/6304/ept.json","EPSG:6344+5703","6344","5703"
"558","https://noaa-nos-coastal-lidar-pds.s3.amazonaws.com/entwine/geoid18/6305/ept.json","EPSG:6347+5703","6347","5703"
"559","https://noaa-nos-coastal-lidar-pds.s3.amazonaws.com/entwine/geoid18/6311/ept.json","EPSG:6339+5703","6339","5703"
"560","https://noaa-nos-coastal-lidar-pds.s3.amazonaws.com/entwine/geoid18/6313/ept.json","EPSG:6339+5703","6339","5703"
"561","https://noaa-nos-coastal-lidar-pds.s3.amazonaws.com/entwine/geoid18/6315/ept.json","EPSG:6339+5703","6339","5703"
"562","https://noaa-nos-coastal-lidar-pds.s3.amazonaws.com/entwine/geoid18/6317/ept.json","EPSG:6339+5703","6339","5703"
"563","https://noaa-nos-coastal-lidar-pds.s3.amazonaws.com/entwine/geoid18/6319/ept.json","EPSG:6339+5703","6339","5703"
"564","https://noaa-nos-coastal-lidar-pds.s3.amazonaws.com/entwine/geoid18/6322/ept.json","EPSG:6345+5703","6345","5703"
"565","https://noaa-nos-coastal-lidar-pds.s3.amazonaws.com/entwine/geoid18/6329/ept.json","EPSG:6347+5703","6347","5703"
"566","https://noaa-nos-coastal-lidar-pds.s3.amazonaws.com/entwine/geoid18/6334/ept.json","EPSG:6339+5703","6339","5703"
"567","https://noaa-nos-coastal-lidar-pds.s3.amazonaws.com/entwine/geoid18/6337/ept.json","EPSG:6344+5703","6344","5703"
"568","https://noaa-nos-coastal-lidar-pds.s3.amazonaws.com/entwine/geoid18/6339/ept.json","EPSG:6345+5703","6345","5703"
"569","https://noaa-nos-coastal-lidar-pds.s3.amazonaws.com/entwine/geoid18/6340/ept.json","EPSG:6340+5703","6340","5703"
"570","https://noaa-nos-coastal-lidar-pds.s3.amazonaws.com/entwine/geoid18/6341/ept.json","EPSG:6339+5703","6339","5703"
"571","https://noaa-nos-coastal-lidar-pds.s3.amazonaws.com/entwine/geoid18/6344/ept.json","EPSG:6340+5703","6340","5703"
"572","https://noaa-nos-coastal-lidar-pds.s3.amazonaws.com/entwine/geoid18/6350/ept.json","EPSG:3722+5703","3722","5703"
"573","https://noaa-nos-coastal-lidar-pds.s3.amazonaws.com/entwine/geoid18/6351/ept.json","EPSG:6344+5703","6344","5703"
"574","https://noaa-nos-coastal-lidar-pds.s3.amazonaws.com/entwine/geoid18/6354/ept.json","EPSG:3740+5703","3740","5703"
"575","https://noaa-nos-coastal-lidar-pds.s3.amazonaws.com/entwine/geoid18/6355/ept.json","EPSG:6340+5703","6340","5703"
"576","https://noaa-nos-coastal-lidar-pds.s3.amazonaws.com/entwine/geoid18/6357/ept.json","EPSG:6339+5703","6339","5703"
"577","https://noaa-nos-coastal-lidar-pds.s3.amazonaws.com/entwine/geoid18/6359/ept.json","EPSG:6340+5703","6340","5703"
"578","https://noaa-nos-coastal-lidar-pds.s3.amazonaws.com/entwine/geoid18/6361/ept.json","EPSG:6341+5703","6341","5703"
"579","https://noaa-nos-coastal-lidar-pds.s3.amazonaws.com/entwine/geoid18/6368/ept.json","EPSG:6348+5703","6348","5703"
"580","https://noaa-nos-coastal-lidar-pds.s3.amazonaws.com/entwine/geoid18/6377/ept.json","EPSG:6339+5703","6339","5703"
"581","https://noaa-nos-coastal-lidar-pds.s3.amazonaws.com/entwine/geoid18/6379/ept.json","EPSG:6339+5703","6339","5703"
"582","https://noaa-nos-coastal-lidar-pds.s3.amazonaws.com/entwine/geoid18/7379/ept.json","EPSG:6339+5703","6339","5703"
"583","https://noaa-nos-coastal-lidar-pds.s3.amazonaws.com/entwine/geoid18/8382/ept.json","EPSG:6339+5703","6339","5703"
"584","https://noaa-nos-coastal-lidar-pds.s3.amazonaws.com/entwine/geoid18/8386/ept.json","EPSG:6345+5703","6345","5703"
"585","https://noaa-nos-coastal-lidar-pds.s3.amazonaws.com/entwine/geoid18/8392/ept.json","EPSG:6347+5703","6347","5703"
"586","https://noaa-nos-coastal-lidar-pds.s3.amazonaws.com/entwine/geoid18/8397/ept.json","EPSG:3740+5703","3740","5703"
"587","https://noaa-nos-coastal-lidar-pds.s3.amazonaws.com/entwine/geoid18/8405/ept.json","EPSG:6344+5703","6344","5703"
"588","https://noaa-nos-coastal-lidar-pds.s3.amazonaws.com/entwine/geoid18/8412/ept.json","EPSG:6346+5703","6346","5703"
"589","https://noaa-nos-coastal-lidar-pds.s3.amazonaws.com/entwine/geoid18/8442/ept.json","EPSG:3724+5703","3724","5703"
"590","https://noaa-nos-coastal-lidar-pds.s3.amazonaws.com/entwine/geoid18/8460/ept.json","EPSG:6348+5703","6348","5703"
"591","https://noaa-nos-coastal-lidar-pds.s3.amazonaws.com/entwine/geoid18/8467/ept.json","EPSG:6339+5703","6339","5703"
"592","https://noaa-nos-coastal-lidar-pds.s3.amazonaws.com/entwine/geoid18/8484/ept.json","EPSG:3748+5703","3748","5703"
"593","https://noaa-nos-coastal-lidar-pds.s3.amazonaws.com/entwine/geoid18/8486/ept.json","EPSG:3725+5703","3725","5703"
"594","https://noaa-nos-coastal-lidar-pds.s3.amazonaws.com/entwine/geoid18/8487/ept.json","EPSG:3748+5703","3748","5703"
"595","https://noaa-nos-coastal-lidar-pds.s3.amazonaws.com/entwine/geoid18/8489/ept.json","EPSG:6347+5703","6347","5703"
"596","https://noaa-nos-coastal-lidar-pds.s3.amazonaws.com/entwine/geoid18/8490/ept.json","EPSG:6347+5703","6347","5703"
"597","https://noaa-nos-coastal-lidar-pds.s3.amazonaws.com/entwine/geoid18/8491/ept.json","EPSG:6347+5703","6347","5703"
"598","https://noaa-nos-coastal-lidar-pds.s3.amazonaws.com/entwine/geoid18/8492/ept.json","EPSG:6347+5703","6347","5703"
"599","https://noaa-nos-coastal-lidar-pds.s3.amazonaws.com/entwine/geoid18/8493/ept.json","EPSG:3725+5703","3725","5703"
"600","https://noaa-nos-coastal-lidar-pds.s3.amazonaws.com/entwine/geoid18/8494/ept.json","EPSG:3748+5703","3748","5703"
"601","https://noaa-nos-coastal-lidar-pds.s3.amazonaws.com/entwine/geoid18/8495/ept.json","EPSG:3725+5703","3725","5703"
"602","https://noaa-nos-coastal-lidar-pds.s3.amazonaws.com/entwine/geoid18/8496/ept.json","EPSG:6346+5703","6346","5703"
"603","https://noaa-nos-coastal-lidar-pds.s3.amazonaws.com/entwine/geoid18/8501/ept.json","EPSG:6346+5703","6346","5703"
"604","https://noaa-nos-coastal-lidar-pds.s3.amazonaws.com/entwine/geoid12b/8502/ept.json","EPSG:3710+5703","3710","5703"
"605","https://noaa-nos-coastal-lidar-pds.s3.amazonaws.com/entwine/geoid18/8509/ept.json","EPSG:6345+5703","6345","5703"
"606","https://noaa-nos-coastal-lidar-pds.s3.amazonaws.com/entwine/geoid18/8512/ept.json","EPSG:6345+5703","6345","5703"
"607","https://noaa-nos-coastal-lidar-pds.s3.amazonaws.com/entwine/geoid18/8514/ept.json","EPSG:6345+5703","6345","5703"
"608","https://noaa-nos-coastal-lidar-pds.s3.amazonaws.com/entwine/geoid18/8516/ept.json","EPSG:6340+5703","6340","5703"
"609","https://noaa-nos-coastal-lidar-pds.s3.amazonaws.com/entwine/geoid12b/8518/ept.json","EPSG:3711+5703","3711","5703"
"610","https://noaa-nos-coastal-lidar-pds.s3.amazonaws.com/entwine/geoid12b/8521/ept.json","EPSG:3716+5703","3716","5703"
"611","https://noaa-nos-coastal-lidar-pds.s3.amazonaws.com/entwine/geoid18/8526/ept.json","EPSG:6348+5703","6348","5703"
"612","https://noaa-nos-coastal-lidar-pds.s3.amazonaws.com/entwine/geoid12b/8530/ept.json","EPSG:3713+5703","3713","5703"
"613","https://noaa-nos-coastal-lidar-pds.s3.amazonaws.com/entwine/geoid12b/8531/ept.json","EPSG:3713+5703","3713","5703"
"614","https://noaa-nos-coastal-lidar-pds.s3.amazonaws.com/entwine/geoid12b/8533/ept.json","EPSG:3711+5703","3711","5703"
"615","https://noaa-nos-coastal-lidar-pds.s3.amazonaws.com/entwine/geoid12b/8534/ept.json","EPSG:3712+5703","3712","5703"
"616","https://noaa-nos-coastal-lidar-pds.s3.amazonaws.com/entwine/geoid12b/8539/ept.json","EPSG:3713+5703","3713","5703"
"617","https://noaa-nos-coastal-lidar-pds.s3.amazonaws.com/entwine/geoid12b/8540/ept.json","EPSG:3713+5703","3713","5703"
"618","https://noaa-nos-coastal-lidar-pds.s3.amazonaws.com/entwine/geoid12b/8565/ept.json","EPSG:3715+5703","3715","5703"
"619","https://noaa-nos-coastal-lidar-pds.s3.amazonaws.com/entwine/geoid12b/8569/ept.json","EPSG:3857+6640","3857","6640"
"620","https://noaa-nos-coastal-lidar-pds.s3.amazonaws.com/entwine/geoid18/8574/ept.json","EPSG:6346+5703","6346","5703"
"621","https://noaa-nos-coastal-lidar-pds.s3.amazonaws.com/entwine/geoid18/8588/ept.json","EPSG:3740+5703","3740","5703"
"622","https://noaa-nos-coastal-lidar-pds.s3.amazonaws.com/entwine/geoid12b/8590/ept.json","EPSG:3715+5703","3715","5703"
"623","https://noaa-nos-coastal-lidar-pds.s3.amazonaws.com/entwine/geoid12b/8592/ept.json","EPSG:3716+5703","3716","5703"
"624","https://noaa-nos-coastal-lidar-pds.s3.amazonaws.com/entwine/geoid18/8594/ept.json","EPSG:6347+5703","6347","5703"
"625","https://noaa-nos-coastal-lidar-pds.s3.amazonaws.com/entwine/geoid12b/8595/ept.json","EPSG:3716+5703","3716","5703"
"626","https://noaa-nos-coastal-lidar-pds.s3.amazonaws.com/entwine/geoid18/8597/ept.json","EPSG:6344+5703","6344","5703"
"627","https://noaa-nos-coastal-lidar-pds.s3.amazonaws.com/entwine/geoid18/8599/ept.json","EPSG:6344+5703","6344","5703"
"628","https://noaa-nos-coastal-lidar-pds.s3.amazonaws.com/entwine/geoid18/8602/ept.json","EPSG:3725+5703","3725","5703"
"629","https://noaa-nos-coastal-lidar-pds.s3.amazonaws.com/entwine/geoid18/8603/ept.json","EPSG:3724+5703","3724","5703"
"630","https://noaa-nos-coastal-lidar-pds.s3.amazonaws.com/entwine/geoid18/8604/ept.json","EPSG:3725+5703","3725","5703"
"631","https://noaa-nos-coastal-lidar-pds.s3.amazonaws.com/entwine/geoid18/8605/ept.json","EPSG:3725+5703","3725","5703"
"632","https://noaa-nos-coastal-lidar-pds.s3.amazonaws.com/entwine/geoid18/8606/ept.json","EPSG:3725+5703","3725","5703"
"633","https://noaa-nos-coastal-lidar-pds.s3.amazonaws.com/entwine/geoid18/8607/ept.json","EPSG:3717+5703","3717","5703"
"634","https://noaa-nos-coastal-lidar-pds.s3.amazonaws.com/entwine/geoid18/8608/ept.json","EPSG:3724+5703","3724","5703"
"635","https://noaa-nos-coastal-lidar-pds.s3.amazonaws.com/entwine/geoid18/8609/ept.json","EPSG:3725+5703","3725","5703"
"636","https://noaa-nos-coastal-lidar-pds.s3.amazonaws.com/entwine/geoid18/8611/ept.json","EPSG:6340+5703","6340","5703"
"637","https://noaa-nos-coastal-lidar-pds.s3.amazonaws.com/entwine/geoid18/8614/ept.json","EPSG:6340+5703","6340","5703"
"638","https://noaa-nos-coastal-lidar-pds.s3.amazonaws.com/entwine/geoid18/8617/ept.json","EPSG:6347+5703","6347","5703"
"639","https://noaa-nos-coastal-lidar-pds.s3.amazonaws.com/entwine/geoid18/8619/ept.json","EPSG:6345+5703","6345","5703"
"640","https://noaa-nos-coastal-lidar-pds.s3.amazonaws.com/entwine/geoid18/8624/ept.json","EPSG:3725+5703","3725","5703"
"641","https://noaa-nos-coastal-lidar-pds.s3.amazonaws.com/entwine/geoid18/8625/ept.json","EPSG:6345+5703","6345","5703"
"642","https://noaa-nos-coastal-lidar-pds.s3.amazonaws.com/entwine/geoid18/8626/ept.json","EPSG:6345+5703","6345","5703"
"643","https://noaa-nos-coastal-lidar-pds.s3.amazonaws.com/entwine/geoid18/8653/ept.json","EPSG:3723+5703","3723","5703"
"644","https://noaa-nos-coastal-lidar-pds.s3.amazonaws.com/entwine/geoid18/8655/ept.json","EPSG:6347+5703","6347","5703"
"645","https://noaa-nos-coastal-lidar-pds.s3.amazonaws.com/entwine/geoid18/8664/ept.json","EPSG:3723+5703","3723","5703"
"646","https://noaa-nos-coastal-lidar-pds.s3.amazonaws.com/entwine/geoid18/8665/ept.json","EPSG:3725+5703","3725","5703"
"647","https://noaa-nos-coastal-lidar-pds.s3.amazonaws.com/entwine/geoid18/8666/ept.json","EPSG:3726+5703","3726","5703"
"648","https://noaa-nos-coastal-lidar-pds.s3.amazonaws.com/entwine/geoid18/8667/ept.json","EPSG:3725+5703","3725","5703"
"649","https://noaa-nos-coastal-lidar-pds.s3.amazonaws.com/entwine/geoid18/8680/ept.json","EPSG:6345+5703","6345","5703"
"650","https://noaa-nos-coastal-lidar-pds.s3.amazonaws.com/entwine/geoid18/8681/ept.json","EPSG:6345+5703","6345","5703"
"651","https://noaa-nos-coastal-lidar-pds.s3.amazonaws.com/entwine/geoid18/8685/ept.json","EPSG:3740+5703","3740","5703"
"652","https://noaa-nos-coastal-lidar-pds.s3.amazonaws.com/entwine/geoid12b/8686/ept.json","EPSG:3712+5703","3712","5703"
"653","https://noaa-nos-coastal-lidar-pds.s3.amazonaws.com/entwine/geoid18/8688/ept.json","EPSG:6347+5703","6347","5703"
"654","https://noaa-nos-coastal-lidar-pds.s3.amazonaws.com/entwine/geoid18/8694/ept.json","EPSG:6339+5703","6339","5703"
"655","https://noaa-nos-coastal-lidar-pds.s3.amazonaws.com/entwine/geoid18/8698/ept.json","EPSG:3747+5703","3747","5703"
"656","https://noaa-nos-coastal-lidar-pds.s3.amazonaws.com/entwine/geoid18/8704/ept.json","EPSG:3724+5703","3724","5703"
"657","https://noaa-nos-coastal-lidar-pds.s3.amazonaws.com/entwine/geoid18/8709/ept.json","EPSG:3725+5703","3725","5703"
"658","https://noaa-nos-coastal-lidar-pds.s3.amazonaws.com/entwine/geoid18/8711/ept.json","EPSG:6347+5703","6347","5703"
"659","https://noaa-nos-coastal-lidar-pds.s3.amazonaws.com/entwine/geoid18/8713/ept.json","EPSG:6346+5703","6346","5703"
"660","https://noaa-nos-coastal-lidar-pds.s3.amazonaws.com/entwine/geoid18/8714/ept.json","EPSG:3724+5703","3724","5703"
"661","https://noaa-nos-coastal-lidar-pds.s3.amazonaws.com/entwine/geoid18/8731/ept.json","EPSG:6345+5703","6345","5703"
"662","https://noaa-nos-coastal-lidar-pds.s3.amazonaws.com/entwine/geoid18/8766/ept.json","EPSG:3746+5703","3746","5703"
"663","https://noaa-nos-coastal-lidar-pds.s3.amazonaws.com/entwine/geoid18/8767/ept.json","EPSG:6347+5703","6347","5703"
"664","https://noaa-nos-coastal-lidar-pds.s3.amazonaws.com/entwine/geoid18/8771/ept.json","EPSG:6346+5703","6346","5703"
"665","https://noaa-nos-coastal-lidar-pds.s3.amazonaws.com/entwine/geoid18/8772/ept.json","EPSG:6348+5703","6348","5703"
"666","https://noaa-nos-coastal-lidar-pds.s3.amazonaws.com/entwine/geoid18/8777/ept.json","EPSG:6347+5703","6347","5703"
"667","https://noaa-nos-coastal-lidar-pds.s3.amazonaws.com/entwine/geoid18/8779/ept.json","EPSG:6345+5703","6345","5703"
"668","https://noaa-nos-coastal-lidar-pds.s3.amazonaws.com/entwine/geoid18/8781/ept.json","EPSG:6346+5703","6346","5703"
"669","https://noaa-nos-coastal-lidar-pds.s3.amazonaws.com/entwine/geoid18/8785/ept.json","EPSG:6340+5703","6340","5703"
"670","https://noaa-nos-coastal-lidar-pds.s3.amazonaws.com/entwine/geoid18/8787/ept.json","EPSG:6348+5703","6348","5703"
"671","https://noaa-nos-coastal-lidar-pds.s3.amazonaws.com/entwine/geoid18/8788/ept.json","EPSG:6339+5703","6339","5703"
"672","https://noaa-nos-coastal-lidar-pds.s3.amazonaws.com/entwine/geoid18/8793/ept.json","EPSG:6346+5703","6346","5703"
"673","https://noaa-nos-coastal-lidar-pds.s3.amazonaws.com/entwine/geoid18/8831/ept.json","EPSG:6348+5703","6348","5703"
"674","https://noaa-nos-coastal-lidar-pds.s3.amazonaws.com/entwine/geoid18/8832/ept.json","EPSG:6345+5703","6345","5703"
"675","https://noaa-nos-coastal-lidar-pds.s3.amazonaws.com/entwine/geoid18/8836/ept.json","EPSG:6347+5703","6347","5703"
"676","https://noaa-nos-coastal-lidar-pds.s3.amazonaws.com/entwine/geoid12b/8837/ept.json","EPSG:6334+5703","6334","5703"
"677","https://noaa-nos-coastal-lidar-pds.s3.amazonaws.com/entwine/geoid18/8838/ept.json","EPSG:6340+5703","6340","5703"
"678","https://noaa-nos-coastal-lidar-pds.s3.amazonaws.com/entwine/geoid18/8839/ept.json","EPSG:6345+5703","6345","5703"
"679","https://noaa-nos-coastal-lidar-pds.s3.amazonaws.com/entwine/geoid18/8844/ept.json","EPSG:6348+5703","6348","5703"
"680","https://noaa-nos-coastal-lidar-pds.s3.amazonaws.com/entwine/geoid18/8847/ept.json","EPSG:6340+5703","6340","5703"
"681","https://noaa-nos-coastal-lidar-pds.s3.amazonaws.com/entwine/geoid18/8849/ept.json","EPSG:6340+5703","6340","5703"
"682","https://noaa-nos-coastal-lidar-pds.s3.amazonaws.com/entwine/geoid18/8851/ept.json","EPSG:6340+5703","6340","5703"
"683","https://noaa-nos-coastal-lidar-pds.s3.amazonaws.com/entwine/geoid18/8855/ept.json","EPSG:6340+5703","6340","5703"
"684","https://noaa-nos-coastal-lidar-pds.s3.amazonaws.com/entwine/geoid18/8857/ept.json","EPSG:6339+5703","6339","5703"
"685","https://noaa-nos-coastal-lidar-pds.s3.amazonaws.com/entwine/geoid18/8865/ept.json","EPSG:6340+5703","6340","5703"
"686","https://noaa-nos-coastal-lidar-pds.s3.amazonaws.com/entwine/geoid18/8866/ept.json","EPSG:6339+5703","6339","5703"
"687","https://noaa-nos-coastal-lidar-pds.s3.amazonaws.com/entwine/geoid18/8867/ept.json","EPSG:6339+5703","6339","5703"
"688","https://noaa-nos-coastal-lidar-pds.s3.amazonaws.com/entwine/geoid18/8868/ept.json","EPSG:6339+5703","6339","5703"
"689","https://noaa-nos-coastal-lidar-pds.s3.amazonaws.com/entwine/geoid18/8872/ept.json","EPSG:6339+5703","6339","5703"
"690","https://noaa-nos-coastal-lidar-pds.s3.amazonaws.com/entwine/geoid18/8874/ept.json","EPSG:3717+5703","3717","5703"
"691","https://noaa-nos-coastal-lidar-pds.s3.amazonaws.com/entwine/geoid18/8879/ept.json","EPSG:3741+5703","3741","5703"
"692","https://noaa-nos-coastal-lidar-pds.s3.amazonaws.com/entwine/geoid18/8886/ept.json","EPSG:6347+5703","6347","5703"
"693","https://noaa-nos-coastal-lidar-pds.s3.amazonaws.com/entwine/geoid18/8887/ept.json","EPSG:6339+5703","6339","5703"
"694","https://noaa-nos-coastal-lidar-pds.s3.amazonaws.com/entwine/geoid18/8892/ept.json","EPSG:6339+5703","6339","5703"
"695","https://noaa-nos-coastal-lidar-pds.s3.amazonaws.com/entwine/geoid18/8895/ept.json","EPSG:6339+5703","6339","5703"
"696","https://noaa-nos-coastal-lidar-pds.s3.amazonaws.com/entwine/geoid18/8896/ept.json","EPSG:6339+5703","6339","5703"
"697","https://noaa-nos-coastal-lidar-pds.s3.amazonaws.com/entwine/geoid18/8903/ept.json","EPSG:6339+5703","6339","5703"
"698","https://noaa-nos-coastal-lidar-pds.s3.amazonaws.com/entwine/geoid18/8904/ept.json","EPSG:6339+5703","6339","5703"
"699","https://noaa-nos-coastal-lidar-pds.s3.amazonaws.com/entwine/geoid18/8905/ept.json","EPSG:6340+5703","6340","5703"
"700","https://noaa-nos-coastal-lidar-pds.s3.amazonaws.com/entwine/geoid18/8907/ept.json","EPSG:3740+5703","3740","5703"
"701","https://noaa-nos-coastal-lidar-pds.s3.amazonaws.com/entwine/geoid18/8920/ept.json","EPSG:6339+5703","6339","5703"
"702","https://noaa-nos-coastal-lidar-pds.s3.amazonaws.com/entwine/geoid18/8921/ept.json","EPSG:6340+5703","6340","5703"
"703","https://noaa-nos-coastal-lidar-pds.s3.amazonaws.com/entwine/geoid18/8923/ept.json","EPSG:6346+5703","6346","5703"
"704","https://noaa-nos-coastal-lidar-pds.s3.amazonaws.com/entwine/geoid18/8924/ept.json","EPSG:6339+5703","6339","5703"
"705","https://noaa-nos-coastal-lidar-pds.s3.amazonaws.com/entwine/geoid18/8925/ept.json","EPSG:6346+5703","6346","5703"
"706","https://noaa-nos-coastal-lidar-pds.s3.amazonaws.com/entwine/geoid12b/8927/ept.json","EPSG:6337+5703","6337","5703"
"707","https://noaa-nos-coastal-lidar-pds.s3.amazonaws.com/entwine/geoid18/8928/ept.json","EPSG:6339+5703","6339","5703"
"708","https://noaa-nos-coastal-lidar-pds.s3.amazonaws.com/entwine/geoid18/8929/ept.json","EPSG:6340+5703","6340","5703"
"709","https://noaa-nos-coastal-lidar-pds.s3.amazonaws.com/entwine/geoid18/8932/ept.json","EPSG:6340+5703","6340","5703"
"710","https://noaa-nos-coastal-lidar-pds.s3.amazonaws.com/entwine/geoid18/8941/ept.json","EPSG:6339+5703","6339","5703"
"711","https://noaa-nos-coastal-lidar-pds.s3.amazonaws.com/entwine/geoid18/8943/ept.json","EPSG:6339+5703","6339","5703"
"712","https://noaa-nos-coastal-lidar-pds.s3.amazonaws.com/entwine/geoid18/8944/ept.json","EPSG:6339+5703","6339","5703"
"713","https://noaa-nos-coastal-lidar-pds.s3.amazonaws.com/entwine/geoid18/8946/ept.json","EPSG:6339+5703","6339","5703"
"714","https://noaa-nos-coastal-lidar-pds.s3.amazonaws.com/entwine/geoid18/8947/ept.json","EPSG:6339+5703","6339","5703"
"715","https://noaa-nos-coastal-lidar-pds.s3.amazonaws.com/entwine/geoid18/8948/ept.json","EPSG:6339+5703","6339","5703"
"716","https://noaa-nos-coastal-lidar-pds.s3.amazonaws.com/entwine/geoid18/8951/ept.json","EPSG:3740+5703","3740","5703"
"717","https://noaa-nos-coastal-lidar-pds.s3.amazonaws.com/entwine/geoid18/8963/ept.json","EPSG:6339+5703","6339","5703"
"718","https://noaa-nos-coastal-lidar-pds.s3.amazonaws.com/entwine/geoid18/9000/ept.json","EPSG:6347+5703","6347","5703"
"719","https://noaa-nos-coastal-lidar-pds.s3.amazonaws.com/entwine/geoid18/9004/ept.json","EPSG:3723+5703","3723","5703"
"720","https://noaa-nos-coastal-lidar-pds.s3.amazonaws.com/entwine/geoid18/9008/ept.json","EPSG:3724+5703","3724","5703"
"721","https://noaa-nos-coastal-lidar-pds.s3.amazonaws.com/entwine/geoid18/9009/ept.json","EPSG:6345+5703","6345","5703"
"722","https://noaa-nos-coastal-lidar-pds.s3.amazonaws.com/entwine/geoid18/9010/ept.json","EPSG:6339+5703","6339","5703"
"723","https://noaa-nos-coastal-lidar-pds.s3.amazonaws.com/entwine/geoid18/9013/ept.json","EPSG:3723+5703","3723","5703"
"724","https://noaa-nos-coastal-lidar-pds.s3.amazonaws.com/entwine/geoid18/9014/ept.json","EPSG:3723+5703","3723","5703"
"725","https://noaa-nos-coastal-lidar-pds.s3.amazonaws.com/entwine/geoid18/9015/ept.json","EPSG:3723+5703","3723","5703"
"726","https://noaa-nos-coastal-lidar-pds.s3.amazonaws.com/entwine/geoid18/9016/ept.json","EPSG:3723+5703","3723","5703"
"727","https://noaa-nos-coastal-lidar-pds.s3.amazonaws.com/entwine/geoid18/9017/ept.json","EPSG:6344+5703","6344","5703"
"728","https://noaa-nos-coastal-lidar-pds.s3.amazonaws.com/entwine/geoid18/9018/ept.json","EPSG:6345+5703","6345","5703"
"729","https://noaa-nos-coastal-lidar-pds.s3.amazonaws.com/entwine/geoid18/9020/ept.json","EPSG:6340+5703","6340","5703"
"730","https://noaa-nos-coastal-lidar-pds.s3.amazonaws.com/entwine/geoid18/9023/ept.json","EPSG:6344+5703","6344","5703"
"731","https://noaa-nos-coastal-lidar-pds.s3.amazonaws.com/entwine/geoid18/9026/ept.json","EPSG:6339+5703","6339","5703"
"732","https://noaa-nos-coastal-lidar-pds.s3.amazonaws.com/entwine/geoid18/9028/ept.json","EPSG:3746+5703","3746","5703"
"733","https://noaa-nos-coastal-lidar-pds.s3.amazonaws.com/entwine/geoid18/9030/ept.json","EPSG:3746+5703","3746","5703"
"734","https://noaa-nos-coastal-lidar-pds.s3.amazonaws.com/entwine/geoid18/9031/ept.json","EPSG:6339+5703","6339","5703"
"735","https://noaa-nos-coastal-lidar-pds.s3.amazonaws.com/entwine/geoid18/9033/ept.json","EPSG:6345+5703","6345","5703"
"736","https://noaa-nos-coastal-lidar-pds.s3.amazonaws.com/entwine/geoid18/9035/ept.json","EPSG:3717+5703","3717","5703"
"737","https://noaa-nos-coastal-lidar-pds.s3.amazonaws.com/entwine/geoid18/9036/ept.json","EPSG:3857+5703","3857","5703"
"738","https://noaa-nos-coastal-lidar-pds.s3.amazonaws.com/entwine/geoid18/9038/ept.json","EPSG:3718+5703","3718","5703"
"739","https://noaa-nos-coastal-lidar-pds.s3.amazonaws.com/entwine/geoid18/9040/ept.json","EPSG:3722+5703","3722","5703"
"740","https://noaa-nos-coastal-lidar-pds.s3.amazonaws.com/entwine/geoid18/9043/ept.json","EPSG:3718+5703","3718","5703"
"741","https://noaa-nos-coastal-lidar-pds.s3.amazonaws.com/entwine/geoid18/9046/ept.json","EPSG:3725+5703","3725","5703"
"742","https://noaa-nos-coastal-lidar-pds.s3.amazonaws.com/entwine/geoid18/9051/ept.json","EPSG:3724+5703","3724","5703"
"743","https://noaa-nos-coastal-lidar-pds.s3.amazonaws.com/entwine/geoid18/9053/ept.json","EPSG:3724+5703","3724","5703"
"744","https://noaa-nos-coastal-lidar-pds.s3.amazonaws.com/entwine/geoid18/9061/ept.json","EPSG:3724+5703","3724","5703"
"745","https://noaa-nos-coastal-lidar-pds.s3.amazonaws.com/entwine/geoid18/9063/ept.json","EPSG:3722+5703","3722","5703"
"746","https://noaa-nos-coastal-lidar-pds.s3.amazonaws.com/entwine/geoid18/9073/ept.json","EPSG:3724+5703","3724","5703"
"747","https://noaa-nos-coastal-lidar-pds.s3.amazonaws.com/entwine/geoid18/9074/ept.json","EPSG:6347+5703","6347","5703"
"748","https://noaa-nos-coastal-lidar-pds.s3.amazonaws.com/entwine/geoid18/9075/ept.json","EPSG:6344+5703","6344","5703"
"749","https://noaa-nos-coastal-lidar-pds.s3.amazonaws.com/entwine/geoid18/9078/ept.json","EPSG:6340+5703","6340","5703"
"750","https://noaa-nos-coastal-lidar-pds.s3.amazonaws.com/entwine/geoid18/9079/ept.json","EPSG:6339+5703","6339","5703"
"751","https://noaa-nos-coastal-lidar-pds.s3.amazonaws.com/entwine/geoid18/9080/ept.json","EPSG:6339+5703","6339","5703"
"752","https://noaa-nos-coastal-lidar-pds.s3.amazonaws.com/entwine/geoid18/9100/ept.json","EPSG:3718+5703","3718","5703"
"753","https://noaa-nos-coastal-lidar-pds.s3.amazonaws.com/entwine/geoid18/9117/ept.json","EPSG:6345+5703","6345","5703"
"754","https://noaa-nos-coastal-lidar-pds.s3.amazonaws.com/entwine/geoid18/9119/ept.json","EPSG:6347+5703","6347","5703"
"755","https://noaa-nos-coastal-lidar-pds.s3.amazonaws.com/entwine/geoid18/9129/ept.json","EPSG:6340+5703","6340","5703"
"756","https://noaa-nos-coastal-lidar-pds.s3.amazonaws.com/entwine/geoid18/9160/ept.json","EPSG:3717+5703","3717","5703"
"757","https://noaa-nos-coastal-lidar-pds.s3.amazonaws.com/entwine/geoid18/9162/ept.json","EPSG:6339+5703","6339","5703"
"758","https://noaa-nos-coastal-lidar-pds.s3.amazonaws.com/entwine/geoid18/9167/ept.json","EPSG:6346+5703","6346","5703"
"759","https://noaa-nos-coastal-lidar-pds.s3.amazonaws.com/entwine/geoid18/9168/ept.json","EPSG:6339+5703","6339","5703"
"760","https://noaa-nos-coastal-lidar-pds.s3.amazonaws.com/entwine/geoid18/9172/ept.json","EPSG:3747+5703","3747","5703"
"761","https://noaa-nos-coastal-lidar-pds.s3.amazonaws.com/entwine/geoid18/9180/ept.json","EPSG:3725+5703","3725","5703"
"762","https://noaa-nos-coastal-lidar-pds.s3.amazonaws.com/entwine/geoid18/9183/ept.json","EPSG:3741+5703","3741","5703"
"763","https://noaa-nos-coastal-lidar-pds.s3.amazonaws.com/entwine/geoid18/9186/ept.json","EPSG:3747+5703","3747","5703"
"764","https://noaa-nos-coastal-lidar-pds.s3.amazonaws.com/entwine/geoid18/9188/ept.json","EPSG:6346+5703","6346","5703"
"765","https://noaa-nos-coastal-lidar-pds.s3.amazonaws.com/entwine/geoid18/9211/ept.json","EPSG:6339+5703","6339","5703"
"766","https://noaa-nos-coastal-lidar-pds.s3.amazonaws.com/entwine/geoid18/9215/ept.json","EPSG:6344+5703","6344","5703"
"767","https://noaa-nos-coastal-lidar-pds.s3.amazonaws.com/entwine/geoid18/9231/ept.json","EPSG:6345+5703","6345","5703"
"768","https://noaa-nos-coastal-lidar-pds.s3.amazonaws.com/entwine/geoid18/9233/ept.json","EPSG:6348+5703","6348","5703"
"769","https://noaa-nos-coastal-lidar-pds.s3.amazonaws.com/entwine/geoid18/9234/ept.json","EPSG:3748+5703","3748","5703"
"770","https://noaa-nos-coastal-lidar-pds.s3.amazonaws.com/entwine/geoid18/9235/ept.json","EPSG:3748+5703","3748","5703"
"771","https://noaa-nos-coastal-lidar-pds.s3.amazonaws.com/entwine/geoid18/9237/ept.json","EPSG:3748+5703","3748","5703"
"772","https://noaa-nos-coastal-lidar-pds.s3.amazonaws.com/entwine/geoid12b/9245/ept.json","EPSG:6337+5703","6337","5703"
"773","https://noaa-nos-coastal-lidar-pds.s3.amazonaws.com/entwine/geoid12b/9261/ept.json","EPSG:6337+5703","6337","5703"
"774","https://noaa-nos-coastal-lidar-pds.s3.amazonaws.com/entwine/geoid18/9262/ept.json","EPSG:6339+5703","6339","5703"
"775","https://noaa-nos-coastal-lidar-pds.s3.amazonaws.com/entwine/geoid18/9271/ept.json","EPSG:6346+5703","6346","5703"
"776","https://noaa-nos-coastal-lidar-pds.s3.amazonaws.com/entwine/geoid18/9276/ept.json","EPSG:6345+5703","6345","5703"
"777","https://noaa-nos-coastal-lidar-pds.s3.amazonaws.com/entwine/geoid18/9279/ept.json","EPSG:6346+5703","6346","5703"
"778","https://noaa-nos-coastal-lidar-pds.s3.amazonaws.com/entwine/geoid18/9287/ept.json","EPSG:6347+5703","6347","5703"
"779","https://noaa-nos-coastal-lidar-pds.s3.amazonaws.com/entwine/geoid18/9298/ept.json","EPSG:6347+5703","6347","5703"
"780","https://noaa-nos-coastal-lidar-pds.s3.amazonaws.com/entwine/geoid18/9300/ept.json","EPSG:6347+5703","6347","5703"
"781","https://noaa-nos-coastal-lidar-pds.s3.amazonaws.com/entwine/geoid18/9302/ept.json","EPSG:6346+5703","6346","5703"
"782","https://noaa-nos-coastal-lidar-pds.s3.amazonaws.com/entwine/geoid18/9304/ept.json","EPSG:6339+5703","6339","5703"
"783","https://noaa-nos-coastal-lidar-pds.s3.amazonaws.com/entwine/geoid18/9305/ept.json","EPSG:6339+5703","6339","5703"
"784","https://noaa-nos-coastal-lidar-pds.s3.amazonaws.com/entwine/geoid18/9306/ept.json","EPSG:6347+5703","6347","5703"
"785","https://noaa-nos-coastal-lidar-pds.s3.amazonaws.com/entwine/geoid18/9321/ept.json","EPSG:6347+5703","6347","5703"
"786","https://noaa-nos-coastal-lidar-pds.s3.amazonaws.com/entwine/geoid18/9328/ept.json","EPSG:6347+5703","6347","5703"
"787","https://noaa-nos-coastal-lidar-pds.s3.amazonaws.com/entwine/geoid18/9329/ept.json","EPSG:6339+5703","6339","5703"
"788","https://noaa-nos-coastal-lidar-pds.s3.amazonaws.com/entwine/geoid12b/9331/ept.json","EPSG:8693+6640","8693","6640"
"789","https://noaa-nos-coastal-lidar-pds.s3.amazonaws.com/entwine/geoid12b/9332/ept.json","EPSG:8693+6640","8693","6640"
"790","https://noaa-nos-coastal-lidar-pds.s3.amazonaws.com/entwine/geoid12b/9333/ept.json","EPSG:8693+6640","8693","6640"
"791","https://noaa-nos-coastal-lidar-pds.s3.amazonaws.com/entwine/geoid12b/9334/ept.json","EPSG:8693+6640","8693","6640"
"792","https://noaa-nos-coastal-lidar-pds.s3.amazonaws.com/entwine/geoid18/9345/ept.json","EPSG:6347+5703","6347","5703"
"793","https://noaa-nos-coastal-lidar-pds.s3.amazonaws.com/entwine/geoid18/9346/ept.json","EPSG:6347+5703","6347","5703"
